Album,Track,日本語,Romaji,한국어,歌,Singer,가수,作詞,Lyrics,작사,作曲,Compose,작곡,編曲,Arrange,편곡,Release,Link,Note,発音
始まりは君の空 [みんなで叶える物語盤],1,始まりは君の空,Hajimari wa Kimi no Sora,시작은 너의 하늘,Liella!,Liella!,Liella!,畑 亜貴,Aki Hata,하타 아키,兼松 衆,Shu Kanematsu,카네마츠 슈,兼松 衆,Shu Kanematsu,카네마츠 슈,2021-04-07,https://youtu.be/bjIRLovzc80,,はじまりはきみのそら
始まりは君の空 [みんなで叶える物語盤],2,Dancing Heart La-Pa-Pa-Pa!,Dancing Heart La-Pa-Pa-Pa!,Dancing Heart La-Pa-Pa-Pa!,Liella!,Liella!,Liella!,畑 亜貴,Aki Hata,하타 아키,高木龍一,Ryuichi Takagi,타카기 류이치,高木龍一;椿山日南子,Ryuichi Takagi;Hinako Tsubakiyama,타카기 류이치;츠바키야마 히나코,2021-04-07,https://youtu.be/tRwSxoz0JzU,,ダンシング・ハート・ラ・パ・パ・パ！
始まりは君の空 [みんなで叶える物語盤],3,Dreaming Energy,Dreaming Energy,Dreaming Energy,Liella!,Liella!,Liella!,畑 亜貴,Aki Hata,하타 아키,廣中トキワ,Tokiwa Hironaka,히로나카 토키와,Peach,Peach,Peach,2021-04-07,https://youtu.be/7u-i_OyaLaY,,ドリーミング・エナジー
始まりは君の空 [みんなで叶える物語盤],4,始まりは君の空 (Off Vocal),Hajimari wa Kimi no Sora (Off Vocal),시작은 너의 하늘 (Off Vocal),Liella!,Liella!,Liella!,畑 亜貴,Aki Hata,하타 아키,兼松 衆,Shu Kanematsu,카네마츠 슈,兼松 衆,Shu Kanematsu,카네마츠 슈,2021-04-07,NA,,はじまりはきみのそら (オフボーカル)
始まりは君の空 [みんなで叶える物語盤],5,Dancing Heart La-Pa-Pa-Pa! (Off Vocal),Dancing Heart La-Pa-Pa-Pa! (Off Vocal),Dancing Heart La-Pa-Pa-Pa! (Off Vocal),Liella!,Liella!,Liella!,畑 亜貴,Aki Hata,하타 아키,高木龍一,Ryuichi Takagi,타카기 류이치,高木龍一;椿山日南子,Ryuichi Takagi;Hinako Tsubakiyama,타카기 류이치;츠바키야마 히나코,2021-04-07,NA,,ダンシング・ハート・ラ・パ・パ・パ！ (オフボーカル)
始まりは君の空 [みんなで叶える物語盤],6,Dreaming Energy (Off Vocal),Dreaming Energy (Off Vocal),Dreaming Energy (Off Vocal),Liella!,Liella!,Liella!,畑 亜貴,Aki Hata,하타 아키,廣中トキワ,Tokiwa Hironaka,히로나카 토키와,Peach,Peach,Peach,2021-04-07,NA,,ドリーミング・エナジー (オフボーカル)
始まりは君の空 [みんなで叶える物語盤],7,みんなでお出かけ！ ~計画篇~,An Outing with Everyone! ~The Plan~,다함께 외출! ~계획편~,,,,,,,,,,,,,2021-04-07,NA,Drama Part,みんなでおでかけ！　けいかくへん
始まりは君の空 [みんなで叶える物語盤],8,みんなでお出かけ！ ~集合篇~,An Outing with Everyone! ~The Gathering~,다함께 외출! ~집합편~,,,,,,,,,,,,,2021-04-07,NA,Drama Part,みんなでおでかけ！　しゅうごうへん
始まりは君の空 [私を叶える物語盤],1,始まりは君の空,Hajimari wa Kimi no Sora,시작은 너의 하늘,Liella!,Liella!,Liella!,畑 亜貴,Aki Hata,하타 아키,兼松 衆,Shu Kanematsu,카네마츠 슈,兼松 衆,Shu Kanematsu,카네마츠 슈,2021-04-07,https://youtu.be/bjIRLovzc80,,はじまりはきみのそら
始まりは君の空 [私を叶える物語盤],2,Dancing Heart La-Pa-Pa-Pa!,Dancing Heart La-Pa-Pa-Pa!,Dancing Heart La-Pa-Pa-Pa!,Liella!,Liella!,Liella!,畑 亜貴,Aki Hata,하타 아키,高木龍一,Ryuichi Takagi,타카기 류이치,高木龍一;椿山日南子,Ryuichi Takagi;Hinako Tsubakiyama,타카기 류이치;츠바키야마 히나코,2021-04-07,https://youtu.be/tRwSxoz0JzU,,ダンシング・ハート・ラ・パ・パ・パ！
始まりは君の空 [私を叶える物語盤],3,私のSymphony,Watashi no Symphony,나의 Symphony,Liella!,Liella!,Liella!,宮嶋淳子,Junko Miyajima,미야지마 준코,高木誠司;高慶CO-K卓史,"Seiji Takagi;Kokei ""CO-K"" Takafumi",타카기 세이지;타카후미 코케이,高慶CO-K卓史;兼松 衆,"Kokei ""CO-K"" Takafumi;Shu Kanematsu",타카후미 코케이;카네마츠 슈,2021-04-07,https://youtu.be/6IdwHfgIzOQ,,わたしのシンフォニー
始まりは君の空 [私を叶える物語盤],4,始まりは君の空 (Off Vocal),Hajimari wa Kimi no Sora (Off Vocal),시작은 너의 하늘 (Off Vocal),Liella!,Liella!,Liella!,畑 亜貴,Aki Hata,하타 아키,兼松 衆,Shu Kanematsu,카네마츠 슈,兼松 衆,Shu Kanematsu,카네마츠 슈,2021-04-07,NA,,はじまりはきみのそら (オフボーカル)
始まりは君の空 [私を叶える物語盤],5,Dancing Heart La-Pa-Pa-Pa! (Off Vocal),Dancing Heart La-Pa-Pa-Pa! (Off Vocal),Dancing Heart La-Pa-Pa-Pa! (Off Vocal),Liella!,Liella!,Liella!,畑 亜貴,Aki Hata,하타 아키,高木龍一,Ryuichi Takagi,타카기 류이치,高木龍一;椿山日南子,Ryuichi Takagi;Hinako Tsubakiyama,타카기 류이치;츠바키야마 히나코,2021-04-07,NA,,ダンシング・ハート・ラ・パ・パ・パ！ (オフボーカル)
始まりは君の空 [私を叶える物語盤],6,私のSymphony (Off Vocal),Watashi no Symphony (Off Vocal),나의 Symphony (Off Vocal),Liella!,Liella!,Liella!,宮嶋淳子,Junko Miyajima,미야지마 준코,高木誠司;高慶CO-K卓史,"Seiji Takagi;Kokei ""CO-K"" Takafumi",타카기 세이지;타카후미 코케이,高慶CO-K卓史;兼松 衆,"Kokei ""CO-K"" Takafumi;Shu Kanematsu",타카후미 코케이;카네마츠 슈,2021-04-07,NA,,わたしのシンフォニー (オフボーカル)
始まりは君の空 [私を叶える物語盤],7,こんにちは！ ~澁谷かのん~,Konnichiwa! ~Shibuya Kanon~,안녕하세요! ~시부야 카논~,,,,,,,,,,,,,2021-04-07,NA,Drama Part,こんにちは！ ~シブヤ カノン~
始まりは君の空 [私を叶える物語盤],8,どうも！ ~唐可可~,Doumo! ~Tang Keke~,고마워요! ~탕 쿠쿠~,,,,,,,,,,,,,2021-04-07,NA,Drama Part,どうも！ ~タン クゥクゥ~
始まりは君の空 [私を叶える物語盤],9,うぃーっす！ ~嵐千砂都~,Uissu! ~Arashi Chisato~,안녕! ~아라시 치사토~,,,,,,,,,,,,,2021-04-07,NA,Drama Part,うぃーっす！ ~アラシ チサト~
始まりは君の空 [私を叶える物語盤],10,お待たせしました！ ~平安名すみれ~,Omataseshimashita! ~Heanna Sumire~,오래 기다리셨습니다! ~헤안나 스미레~,,,,,,,,,,,,,2021-04-07,NA,Drama Part,おまたせしました！ ~ヘアンナ スミレ~
始まりは君の空 [私を叶える物語盤],11,はじめまして。~葉月恋~,Hajimemashite. ~Hazuki Ren~,처음 뵙겠습니다. ~하즈키 렌~,,,,,,,,,,,,,2021-04-07,NA,Drama Part,はじめまして。~ハズキ レン~
START!! True dreams,1,START!! True dreams,START!! True dreams,START!! True dreams,Liella!,Liella!,Liella!,畑 亜貴,Aki Hata,하타 아키,小幡康裕,Yasuhiro Obata,오바타 야스히로,山下洋介,Yosuke Yamashita,야마시타 요스케,2021-07-21,https://youtu.be/35WteJ60cps,,スタート!! トゥルー・ドリームス
START!! True dreams,2,だから僕らは鳴らすんだ！,Dakara Bokura wa Narasunda!,그래서 우리는 소리를 울리는 거야!,Liella!,Liella!,Liella!,宮嶋淳子,Junko Miyajima,미야지마 준코,藤井万利子,Mariko Fujii,후지 마리코,久保田真悟(Jazzin'park),Singo Kubota (Jazzin'park),쿠보타 신고(Jazzin'park),2021-07-21,https://youtu.be/0sF9QKeY8Bo,,だからぼくらはならすんだ！
START!! True dreams,3,START!! True dreams (Off Vocal),START!! True dreams (Off Vocal),START!! True dreams (Off Vocal),Liella!,Liella!,Liella!,畑 亜貴,Aki Hata,하타 아키,小幡康裕,Yasuhiro Obata,오바타 야스히로,山下洋介,Yosuke Yamashita,야마시타 요스케,2021-07-21,NA,,スタート!! トゥルー・ドリームス (オフボーカル)
START!! True dreams,4,だから僕らは鳴らすんだ！ (Off Vocal),Dakara Bokura wa Narasunda! (Off Vocal),그래서 우리는 소리를 울리는 거야! (Off Vocal),Liella!,Liella!,Liella!,宮嶋淳子,Junko Miyajima,미야지마 준코,藤井万利子,Mariko Fujii,후지 마리코,久保田真悟(Jazzin'park),Singo Kubota (Jazzin'park),쿠보타 신고(Jazzin'park),2021-07-21,NA,,だからぼくらはならすんだ！ (オフボーカル)
未来は風のように,1,未来は風のように,Mirai wa Kaze no You ni,미래는 바람처럼,Liella!,Liella!,Liella!,畑 亜貴,Aki Hata,하타 아키,山田智和,Tomokazu Yamada,야마다 토모카즈,久保田真悟(Jazzin'park);兼松 衆,Singo Kubota (Jazzin'park);Shu Kanematsu,쿠보타 신고(Jazzin'park);카네마츠 슈,2021-08-04,https://youtu.be/ZfjpsHnU9DM,,みらいはかぜのように
未来は風のように,2,この街でいまキミと,Kono Machi de Ima Kimi to,이 거리에서 지금 너와,Liella!,Liella!,Liella!,宮嶋淳子,Junko Miyajima,미야지마 준코,めんま,Menma,멘마,家原正樹,Masaki Iehara,이에하라 마사키,2021-08-04,https://youtu.be/zjPhzcMaMb4,,このまちでいまキミと
未来は風のように,3,未来は風のように (Off Vocal),Mirai wa Kaze no You ni (Off Vocal),미래는 바람처럼 (Off Vocal),Liella!,Liella!,Liella!,畑 亜貴,Aki Hata,하타 아키,山田智和,Tomokazu Yamada,야마다 토모카즈,久保田真悟(Jazzin'park);兼松 衆,Singo Kubota (Jazzin'park);Shu Kanematsu,쿠보타 신고(Jazzin'park);카네마츠 슈,2021-08-04,NA,,みらいはかぜのように (オフボーカル)
未来は風のように,4,この街でいまキミと (Off Vocal),Kono Machi de Ima Kimi to (Off Vocal),이 거리에서 지금 너와 (Off Vocal),Liella!,Liella!,Liella!,宮嶋淳子,Junko Miyajima,미야지마 준코,めんま,Menma,멘마,家原正樹,Masaki Iehara,이에하라 마사키,2021-08-04,NA,,このまちでいまキミと (オフボーカル)
未来予報ハレルヤ！/Tiny Stars 【第1話盤】,1,未来予報ハレルヤ！,Mirai Yohou Hallelujah!,미래예보 할렐루야!,Liella!,Liella!,Liella!,宮嶋淳子,Junko Miyajima,미야지마 준코,EFFY,EFFY,EFFY,山下洋介,Yosuke Yamashita,야마시타 요스케,2021-08-25,https://youtu.be/V6ytTXw6838,,みらいよほうハレルヤ！
未来予報ハレルヤ！/Tiny Stars 【第1話盤】,2,Tiny Stars,Tiny Stars,Tiny Stars,澁谷かのん;唐可可,Kanon Shibuya;Keke Tang,시부야 카논;탕 쿠쿠,宮嶋淳子,Junko Miyajima,미야지마 준코,秋浦智裕,Tomohiro Akiura,아키우라 토모히로,秋浦智裕;兼松 衆,Tomohiro Akiura;Shu Kanematsu,아키우라 토모히로;카네마츠 슈,2021-08-25,https://youtu.be/UPpIrXjGXvU,,タイニー・スターズ
未来予報ハレルヤ！/Tiny Stars 【第1話盤】,3,GOING UP,GOING UP,GOING UP,Liella!,Liella!,Liella!,宮嶋淳子,Junko Miyajima,미야지마 준코,秋浦智裕,Tomohiro Akiura,아키우라 토모히로,秋浦智裕,Tomohiro Akiura,아키우라 토모히로,2021-08-25,https://youtu.be/zFV-Q0DjFUY,,ゴーイング・アップ
未来予報ハレルヤ！/Tiny Stars 【第1話盤】,4,未来予報ハレルヤ！ (Off Vocal),Mirai Yohou Hallelujah! (Off Vocal),미래예보 할렐루야! (Off Vocal),Liella!,Liella!,Liella!,宮嶋淳子,Junko Miyajima,미야지마 준코,EFFY,EFFY,EFFY,山下洋介,Yosuke Yamashita,야마시타 요스케,2021-08-25,NA,,みらいよほうハレルヤ！ (オフボーカル)
未来予報ハレルヤ！/Tiny Stars 【第1話盤】,5,Tiny Stars (Off Vocal),Tiny Stars (Off Vocal),Tiny Stars (Off Vocal),澁谷かのん;唐可可,Kanon Shibuya;Keke Tang,시부야 카논;탕 쿠쿠,宮嶋淳子,Junko Miyajima,미야지마 준코,秋浦智裕,Tomohiro Akiura,아키우라 토모히로,秋浦智裕;兼松 衆,Tomohiro Akiura;Shu Kanematsu,아키우라 토모히로;카네마츠 슈,2021-08-25,NA,,タイニー・スターズ (オフボーカル)
未来予報ハレルヤ！/Tiny Stars 【第1話盤】,6,GOING UP (Off Vocal),GOING UP (Off Vocal),GOING UP (Off Vocal),Liella!,Liella!,Liella!,宮嶋淳子,Junko Miyajima,미야지마 준코,秋浦智裕,Tomohiro Akiura,아키우라 토모히로,秋浦智裕,Tomohiro Akiura,아키우라 토모히로,2021-08-25,NA,,ゴーイング・アップ (オフボーカル)
未来予報ハレルヤ！/Tiny Stars 【第3話盤】,1,未来予報ハレルヤ！,Mirai Yohou Hallelujah!,미래예보 할렐루야!,Liella!,Liella!,Liella!,宮嶋淳子,Junko Miyajima,미야지마 준코,EFFY,EFFY,EFFY,山下洋介,Yosuke Yamashita,야마시타 요스케,2021-08-25,https://youtu.be/kFKlWcpeHYM,,みらいよほうハレルヤ！
未来予報ハレルヤ！/Tiny Stars 【第3話盤】,2,Tiny Stars,Tiny Stars,Tiny Stars,澁谷かのん;唐可可,Kanon Shibuya;Keke Tang,시부야 카논;탕 쿠쿠,宮嶋淳子,Junko Miyajima,미야지마 준코,秋浦智裕,Tomohiro Akiura,아키우라 토모히로,秋浦智裕;兼松 衆,Tomohiro Akiura;Shu Kanematsu,아키우라 토모히로;카네마츠 슈,2021-08-25,https://youtu.be/XDWxSrCXuzc,,タイニー・スターズ
未来予報ハレルヤ！/Tiny Stars 【第3話盤】,3,1.2.3！,1.2.3!,1.2.3!,Liella!,Liella!,Liella!,宮嶋淳子,Junko Miyajima,미야지마 준코,丸山真由子,Mayuko Maruyama,마루야마 마유코,家原正樹,Masaki Iehara,이에하라 마사키,2021-08-25,https://youtu.be/En23vkPawHU,,ワン・トゥー・スリー
未来予報ハレルヤ！/Tiny Stars 【第3話盤】,4,未来予報ハレルヤ！ (Off Vocal),Mirai Yohou Hallelujah! (Off Vocal),미래예보 할렐루야! (Off Vocal),Liella!,Liella!,Liella!,宮嶋淳子,Junko Miyajima,미야지마 준코,EFFY,EFFY,EFFY,山下洋介,Yosuke Yamashita,야마시타 요스케,2021-08-25,NA,,みらいよほうハレルヤ！ (オフボーカル)
未来予報ハレルヤ！/Tiny Stars 【第3話盤】,5,Tiny Stars (Off Vocal),Tiny Stars (Off Vocal),Tiny Stars (Off Vocal),澁谷かのん;唐可可,Kanon Shibuya;Keke Tang,시부야 카논;탕 쿠쿠,宮嶋淳子,Junko Miyajima,미야지마 준코,秋浦智裕,Tomohiro Akiura,아키우라 토모히로,秋浦智裕;兼松 衆,Tomohiro Akiura;Shu Kanematsu,아키우라 토모히로;카네마츠 슈,2021-08-25,NA,,タイニー・スターズ (オフボーカル)
未来予報ハレルヤ！/Tiny Stars 【第3話盤】,6,1.2.3！ (Off Vocal),1.2.3! (Off Vocal),1.2.3! (Off Vocal),Liella!,Liella!,Liella!,宮嶋淳子,Junko Miyajima,미야지마 준코,丸山真由子,Mayuko Maruyama,마루야마 마유코,家原正樹,Masaki Iehara,이에하라 마사키,2021-08-25,NA,,ワン・トゥー・スリー (オフボーカル)
TVA1 BD Vol.1,1,心キラララ,Kokoro Kirarara,마음 반짝짝짝,澁谷かのん,Kanon Shibuya,시부야 카논,宮嶋淳子,Junko Miyajima,미야지마 준코,秋浦智裕,Tomohiro Akiura,아키우라 토모히로,兼松 衆,Shu Kanematsu,카네마츠 슈,2021-09-28,NA,TVA1 BD Vol.1,こころキラララ
TVA1 BD Vol.1,2,心キラララ (Off Vocal),Kokoro Kirarara (Off Vocal),마음 반짝짝짝 (Off Vocal),澁谷かのん,Kanon Shibuya,시부야 카논,宮嶋淳子,Junko Miyajima,미야지마 준코,秋浦智裕,Tomohiro Akiura,아키우라 토모히로,兼松 衆,Shu Kanematsu,카네마츠 슈,2021-09-28,NA,TVA1 BD Vol.1,こころキラララ (オフボーカル)
常夏☆サンシャイン/Wish Song 【第6話盤】,1,常夏☆サンシャイン,Tokonatsu☆Sunshine,한여름☆선샤인,澁谷かのん;唐可可;嵐千砂都;平安名すみれ,Kanon Shibuya;Keke Tang;Chisato Arashi;Sumire Heanna,시부야 카논;탕 쿠쿠;아라시 치사토;헤안나 스미레,宮嶋淳子,Junko Miyajima,미야지마 준코,EFFY,EFFY,EFFY,EFFY,EFFY,EFFY,2021-09-29,https://youtu.be/dd9i50ppx7g,,とこなつサンシャイン
常夏☆サンシャイン/Wish Song 【第6話盤】,2,Wish Song,Wish Song,Wish Song,Liella!,Liella!,Liella!,宮嶋淳子,Junko Miyajima,미야지마 준코,フワリ,Fuwari,후와리,兼松 衆,Shu Kanematsu,카네마츠 슈,2021-09-29,https://youtu.be/v5v0tUGlwYY,,ウィッシュ・ソング
常夏☆サンシャイン/Wish Song 【第6話盤】,3,バイバイしちゃえば！？,Bye Bye Shichaeba!?,바이바이해버리면?!,Liella!,Liella!,Liella!,宮嶋淳子,Junko Miyajima,미야지마 준코,光増ハジメ,Hajime Mitsumasu,미츠마스 하지메,EFFY,EFFY,EFFY,2021-09-29,https://youtu.be/317eTPkfT-Y,,バイバイしちゃえば！？
常夏☆サンシャイン/Wish Song 【第6話盤】,4,常夏☆サンシャイン (Off Vocal),Tokonatsu☆Sunshine (Off Vocal),한여름☆선샤인 (Off Vocal),澁谷かのん;唐可可;嵐千砂都;平安名すみれ,Kanon Shibuya;Keke Tang;Chisato Arashi;Sumire Heanna,시부야 카논;탕 쿠쿠;아라시 치사토;헤안나 스미레,宮嶋淳子,Junko Miyajima,미야지마 준코,EFFY,EFFY,EFFY,EFFY,EFFY,EFFY,2021-09-29,NA,,とこなつサンシャイン (オフボーカル)
常夏☆サンシャイン/Wish Song 【第6話盤】,5,Wish Song (Off Vocal),Wish Song (Off Vocal),Wish Song (Off Vocal),Liella!,Liella!,Liella!,宮嶋淳子,Junko Miyajima,미야지마 준코,フワリ,Fuwari,후와리,兼松 衆,Shu Kanematsu,카네마츠 슈,2021-09-29,NA,,ウィッシュ・ソング (オフボーカル)
常夏☆サンシャイン/Wish Song 【第6話盤】,6,バイバイしちゃえば！？ (Off Vocal),Bye Bye Shichaeba!? (Off Vocal),바이바이해버리면?! (Off Vocal),Liella!,Liella!,Liella!,宮嶋淳子,Junko Miyajima,미야지마 준코,光増ハジメ,Hajime Mitsumasu,미츠마스 하지메,EFFY,EFFY,EFFY,2021-09-29,NA,,バイバイしちゃえば！？ (オフボーカル)
常夏☆サンシャイン/Wish Song 【第8話盤】,1,常夏☆サンシャイン,Tokonatsu☆Sunshine,한여름☆선샤인,澁谷かのん;唐可可;嵐千砂都;平安名すみれ,Kanon Shibuya;Keke Tang;Chisato Arashi;Sumire Heanna,시부야 카논;탕 쿠쿠;아라시 치사토;헤안나 스미레,宮嶋淳子,Junko Miyajima,미야지마 준코,EFFY,EFFY,EFFY,EFFY,EFFY,EFFY,2021-09-29,https://youtu.be/if7Cz6O68iQ,,とこなつサンシャイン
常夏☆サンシャイン/Wish Song 【第8話盤】,2,Wish Song,Wish Song,Wish Song,Liella!,Liella!,Liella!,宮嶋淳子,Junko Miyajima,미야지마 준코,フワリ,Fuwari,후와리,兼松 衆,Shu Kanematsu,카네마츠 슈,2021-09-29,https://youtu.be/UgVSlQy3CfA,,ウィッシュ・ソング
常夏☆サンシャイン/Wish Song 【第8話盤】,3,瞬きの先へ,Matataki no Saki e,반짝임의 너머로,Liella!,Liella!,Liella!,宮嶋淳子,Junko Miyajima,미야지마 준코,藤澤慶昌,Yoshiaki Fujisawa,후지사와 요시아키,藤澤慶昌,Yoshiaki Fujisawa,후지사와 요시아키,2021-09-29,https://youtu.be/TrifR0_8_iM,,まばたきのさきへ
常夏☆サンシャイン/Wish Song 【第8話盤】,4,常夏☆サンシャイン (Off Vocal),Tokonatsu☆Sunshine (Off Vocal),한여름☆선샤인 (Off Vocal),澁谷かのん;唐可可;嵐千砂都;平安名すみれ,Kanon Shibuya;Keke Tang;Chisato Arashi;Sumire Heanna,시부야 카논;탕 쿠쿠;아라시 치사토;헤안나 스미레,宮嶋淳子,Junko Miyajima,미야지마 준코,EFFY,EFFY,EFFY,EFFY,EFFY,EFFY,2021-09-29,NA,,とこなつサンシャイン (オフボーカル)
常夏☆サンシャイン/Wish Song 【第8話盤】,5,Wish Song (Off Vocal),Wish Song (Off Vocal),Wish Song (Off Vocal),Liella!,Liella!,Liella!,宮嶋淳子,Junko Miyajima,미야지마 준코,フワリ,Fuwari,후와리,兼松 衆,Shu Kanematsu,카네마츠 슈,2021-09-29,NA,,ウィッシュ・ソング (オフボーカル)
常夏☆サンシャイン/Wish Song 【第8話盤】,6,瞬きの先へ (Off Vocal),Matataki no Saki e (Off Vocal),반짝임의 너머로 (Off Vocal),Liella!,Liella!,Liella!,宮嶋淳子,Junko Miyajima,미야지마 준코,藤澤慶昌,Yoshiaki Fujisawa,후지사와 요시아키,藤澤慶昌,Yoshiaki Fujisawa,후지사와 요시아키,2021-09-29,NA,,まばたきのさきへ (オフボーカル)
ノンフィクション!!/ Starlight Prologue 【第10話盤】,1,ノンフィクション！！,Nonfiction!!,논픽션!!,Liella!,Liella!,Liella!,宮嶋淳子,Junko Miyajima,미야지마 준코,モン吉;田中隼人,Monkichi;Hayato Tanaka,몬키치;타나카 하야토,田中隼人,Hayato Tanaka,타나카 하야토,2021-10-20,https://youtu.be/4_06v7iS7bQ,,ノンフィクション！！
ノンフィクション!!/ Starlight Prologue 【第10話盤】,2,Starlight Prologue,Starlight Prologue,Starlight Prologue,Liella!,Liella!,Liella!,宮嶋淳子,Junko Miyajima,미야지마 준코,小幡康裕,Yasuhiro Obata,오바타 야스히로,山下洋介;兼松 衆,Yosuke Yamashita;Shu Kanematsu,야마시타 요스케;카네마츠 슈,2021-10-20,https://youtu.be/jE4-qB3YjkQ,,スターライト・プロローグ
ノンフィクション!!/ Starlight Prologue 【第10話盤】,3,Day1,Day1,Day1,Liella!,Liella!,Liella!,KEN THE 390,KEN THE 390,KEN THE 390,めんま;KEN THE 390,Menma;KEN THE 390,멘마;KEN THE 390,家原正樹,Masaki Iehara,이에하라 마사키,2021-10-20,https://youtu.be/5UfSQq7C26M,,デイワン
ノンフィクション!!/ Starlight Prologue 【第10話盤】,4,ノンフィクション！！ (Off Vocal),Nonfiction!! (Off Vocal),논픽션!! (Off Vocal),Liella!,Liella!,Liella!,宮嶋淳子,Junko Miyajima,미야지마 준코,モン吉;田中隼人,Monkichi;Hayato Tanaka,몬키치;타나카 하야토,田中隼人,Hayato Tanaka,타나카 하야토,2021-10-20,NA,,ノンフィクション！！ (オフボーカル)
ノンフィクション!!/ Starlight Prologue 【第10話盤】,5,Starlight Prologue (Off Vocal),Starlight Prologue (Off Vocal),Starlight Prologue (Off Vocal),Liella!,Liella!,Liella!,宮嶋淳子,Junko Miyajima,미야지마 준코,小幡康裕,Yasuhiro Obata,오바타 야스히로,山下洋介;兼松 衆,Yosuke Yamashita;Shu Kanematsu,야마시타 요스케;카네마츠 슈,2021-10-20,NA,,スターライト・プロローグ (オフボーカル)
ノンフィクション!!/ Starlight Prologue 【第10話盤】,6,Day1 (Off Vocal),Day1 (Off Vocal),Day1 (Off Vocal),Liella!,Liella!,Liella!,KEN THE 390,KEN THE 390,KEN THE 390,めんま;KEN THE 390,Menma;KEN THE 390,멘마;KEN THE 390,家原正樹,Masaki Iehara,이에하라 마사키,2021-10-20,NA,,デイワン (オフボーカル)
ノンフィクション!!/ Starlight Prologue 【第12話盤】,1,ノンフィクション！！,Nonfiction!!,논픽션!!,Liella!,Liella!,Liella!,宮嶋淳子,Junko Miyajima,미야지마 준코,モン吉;田中隼人,Monkichi;Hayato Tanaka,몬키치;타나카 하야토,田中隼人,Hayato Tanaka,타나카 하야토,2021-10-20,https://youtu.be/oSOpK1M59LE,,ノンフィクション！！
ノンフィクション!!/ Starlight Prologue 【第12話盤】,2,Starlight Prologue,Starlight Prologue,Starlight Prologue,Liella!,Liella!,Liella!,宮嶋淳子,Junko Miyajima,미야지마 준코,小幡康裕,Yasuhiro Obata,오바타 야스히로,山下洋介;兼松 衆,Yosuke Yamashita;Shu Kanematsu,야마시타 요스케;카네마츠 슈,2021-10-20,https://youtu.be/H8PhMQrfEVA,,スターライト・プロローグ
ノンフィクション!!/ Starlight Prologue 【第12話盤】,3,Dream Rainbow,Dream Rainbow,Dream Rainbow,Liella!,Liella!,Liella!,宮嶋淳子,Junko Miyajima,미야지마 준코,山口朗彦,Akihiko Yamaguchi,야마구치 아키히코,山下洋介,Yosuke Yamashita,야마시타 요스케,2021-10-20,https://youtu.be/O3HmG2RX0Mk,,ドリーム・レインボー
ノンフィクション!!/ Starlight Prologue 【第12話盤】,4,ノンフィクション！！ (Off Vocal),Nonfiction!! (Off Vocal),논픽션!! (Off Vocal),Liella!,Liella!,Liella!,宮嶋淳子,Junko Miyajima,미야지마 준코,モン吉;田中隼人,Monkichi;Hayato Tanaka,몬키치;타나카 하야토,田中隼人,Hayato Tanaka,타나카 하야토,2021-10-20,NA,,ノンフィクション！！ (オフボーカル)
ノンフィクション!!/ Starlight Prologue 【第12話盤】,5,Starlight Prologue (Off Vocal),Starlight Prologue (Off Vocal),Starlight Prologue (Off Vocal),Liella!,Liella!,Liella!,宮嶋淳子,Junko Miyajima,미야지마 준코,小幡康裕,Yasuhiro Obata,오바타 야스히로,山下洋介;兼松 衆,Yosuke Yamashita;Shu Kanematsu,야마시타 요스케;카네마츠 슈,2021-10-20,NA,,スターライト・プロローグ (オフボーカル)
ノンフィクション!!/ Starlight Prologue 【第12話盤】,6,Dream Rainbow (Off Vocal),Dream Rainbow (Off Vocal),Dream Rainbow (Off Vocal),Liella!,Liella!,Liella!,宮嶋淳子,Junko Miyajima,미야지마 준코,山口朗彦,Akihiko Yamaguchi,야마구치 아키히코,山下洋介,Yosuke Yamashita,야마시타 요스케,2021-10-20,NA,,ドリーム・レインボー (オフボーカル)
TVA1 BD Vol.2,1,Oh！レディ・ステディ・ポジティブ,Oh! Ready Steady Positive,Oh! 레디・스테디・포지티브,唐可可,Keke Tang,탕 쿠쿠,宮嶋淳子,Junko Miyajima,미야지마 준코,宮野弦士,Gento Miyano,미야노 겐토,宮野弦士,Gento Miyano,미야노 겐토,2021-10-27,NA,TVA1 BD Vol.2,オ！レディ・ステディ・ポジティブ
TVA1 BD Vol.2,2,Oh！レディ・ステディ・ポジティブ (Off Vocal),Oh! Ready Steady Positive (Off Vocal),Oh! 레디・스테디・포지티브 (Off Vocal),唐可可,Keke Tang,탕 쿠쿠,宮嶋淳子,Junko Miyajima,미야지마 준코,宮野弦士,Gento Miyano,미야노 겐토,宮野弦士,Gento Miyano,미야노 겐토,2021-10-27,NA,TVA1 BD Vol.2,オ！レディ・ステディ・ポジティブ (オフボーカル)
リエラのうた,1,Primary,Primary,Primary,Liella!,Liella!,Liella!,宮嶋淳子,Junko Miyajima,미야지마 준코,小幡康裕,Yasuhiro Obata,오바타 야스히로,森 悠也,Yuya Mori,모리 유야,2021-10-27,https://youtu.be/Y1Dl389GoCo,,プライマリー
リエラのうた,2,Memories,Memories,Memories,澁谷かのん,Kanon Shibuya,시부야 카논,宮嶋淳子,Junko Miyajima,미야지마 준코,小幡康裕,Yasuhiro Obata,오바타 야스히로,森 悠也,Yuya Mori,모리 유야,2021-10-27,https://youtu.be/vKEs-n2BP7c,Kanon Ver.,メモリーズ
リエラのうた,3,Memories,Memories,Memories,嵐千砂都,Chisato Arashi,아라시 치사토,宮嶋淳子,Junko Miyajima,미야지마 준코,小幡康裕,Yasuhiro Obata,오바타 야스히로,森 悠也,Yuya Mori,모리 유야,2021-10-27,https://youtu.be/2R1OEtTHLcQ,Chisato Ver.,メモリーズ
リエラのうた,4,Anniversary,Anniversary,Anniversary,唐可可,Keke Tang,탕 쿠쿠,宮嶋淳子,Junko Miyajima,미야지마 준코,小幡康裕,Yasuhiro Obata,오바타 야스히로,森 悠也,Yuya Mori,모리 유야,2021-10-27,https://youtu.be/qiX_9lbpfZI,Keke Ver.,アニバーサリー
リエラのうた,5,Anniversary,Anniversary,Anniversary,葉月恋,Ren Hazuki,하즈키 렌,宮嶋淳子,Junko Miyajima,미야지마 준코,小幡康裕,Yasuhiro Obata,오바타 야스히로,森 悠也,Yuya Mori,모리 유야,2021-10-27,https://youtu.be/AiVVeTQJiLA,Ren Ver.,アニバーサリー
リエラのうた,6,Message,Message,Message,平安名すみれ,Sumire Heanna,헤안나 스미레,宮嶋淳子,Junko Miyajima,미야지마 준코,小幡康裕,Yasuhiro Obata,오바타 야스히로,森 悠也,Yuya Mori,모리 유야,2021-10-27,https://youtu.be/sAF-cLDVqmk,Sumire Ver.,メッセージ
リエラのうた,7,Message,Message,Message,澁谷かのん,Kanon Shibuya,시부야 카논,宮嶋淳子,Junko Miyajima,미야지마 준코,小幡康裕,Yasuhiro Obata,오바타 야스히로,森 悠也,Yuya Mori,모리 유야,2021-10-27,https://youtu.be/6NXzNu5leSk,Kanon Ver.,メッセージ
リエラのうた,8,Ringing!,Ringing!,Ringing!,嵐千砂都,Chisato Arashi,아라시 치사토,宮嶋淳子,Junko Miyajima,미야지마 준코,小幡康裕,Yasuhiro Obata,오바타 야스히로,森 悠也,Yuya Mori,모리 유야,2021-10-27,https://youtu.be/SPM0hSSUh10,Chisato Ver.,リンギング！
リエラのうた,9,Ringing!,Ringing!,Ringing!,唐可可,Keke Tang,탕 쿠쿠,宮嶋淳子,Junko Miyajima,미야지마 준코,小幡康裕,Yasuhiro Obata,오바타 야스히로,森 悠也,Yuya Mori,모리 유야,2021-10-27,https://youtu.be/RZU9dG1eEAk,Keke Ver.,リンギング！
リエラのうた,10,Dears,Dears,Dears,葉月恋,Ren Hazuki,하즈키 렌,宮嶋淳子,Junko Miyajima,미야지마 준코,小幡康裕,Yasuhiro Obata,오바타 야스히로,森 悠也,Yuya Mori,모리 유야,2021-10-27,https://youtu.be/Vmzt8gpiVDU,Ren Ver.,ディアーズ
リエラのうた,11,Dears,Dears,Dears,平安名すみれ,Sumire Heanna,헤안나 스미레,宮嶋淳子,Junko Miyajima,미야지마 준코,小幡康裕,Yasuhiro Obata,오바타 야스히로,森 悠也,Yuya Mori,모리 유야,2021-10-27,https://youtu.be/Yz_cx8KkbCA,Sumire Ver.,ディアーズ
リエラのうた,12,Departure,Departure,Departure,Liella!,Liella!,Liella!,宮嶋淳子,Junko Miyajima,미야지마 준코,小幡康裕,Yasuhiro Obata,오바타 야스히로,森 悠也,Yuya Mori,모리 유야,2021-10-27,https://youtu.be/AuZvn_JEbyA,,デパーチャー
LIVE with a smile!,1,LIVE with a smile!,LIVE with a smile!,LIVE with a smile!,Aqours・虹ヶ咲学園スクールアイドル同好会・Liella!,Aqours・Nijigasaki High School Idol Club・Liella!,Aqours・니지가사키 학원 스쿨 아이돌 동호회・Liella!,畑 亜貴,Aki Hata,하타 아키,Ryota Saito;Diz,Ryota Saito;Diz,사이토 료타;Diz,EFFY(FirstCall),EFFY(FirstCall),EFFY(FirstCall),2021-11-03,https://youtu.be/n-4U4iM4CL8,「LoveLive! Series Presents COUNTDOWN LoveLive! 2021→2022 ～LIVE with a smile!～」テーマソングCD,ライブ・ウィズ・ア・スマイル!
LIVE with a smile!,2,LIVE with a smile! (Aqours Ver.),LIVE with a smile! (Aqours Ver.),LIVE with a smile! (Aqours Ver.),Aqours,Aqours,Aqours,畑 亜貴,Aki Hata,하타 아키,Ryota Saito;Diz,Ryota Saito;Diz,사이토 료타;Diz,EFFY(FirstCall),EFFY(FirstCall),EFFY(FirstCall),2021-11-03,https://youtu.be/g2pjeFGzNxA,「LoveLive! Series Presents COUNTDOWN LoveLive! 2021→2022 ～LIVE with a smile!～」テーマソングCD,ライブ・ウィズ・ア・スマイル! (アクア ヴァージョン)
LIVE with a smile!,3,LIVE with a smile! (虹ヶ咲学園スクールアイドル同好会 Ver.),LIVE with a smile! (Nijigasaki High School Idol Club Ver.),LIVE with a smile! (니지가사키 학원 스쿨 아이돌 동호회 Ver.),虹ヶ咲学園スクールアイドル同好会,Nijigasaki High School Idol Club,니지가사키 학원 스쿨 아이돌 동호회,畑 亜貴,Aki Hata,하타 아키,Ryota Saito;Diz,Ryota Saito;Diz,사이토 료타;Diz,EFFY(FirstCall),EFFY(FirstCall),EFFY(FirstCall),2021-11-03,https://youtu.be/Ks4u5CTpwWI,「LoveLive! Series Presents COUNTDOWN LoveLive! 2021→2022 ～LIVE with a smile!～」テーマソングCD,ライブ・ウィズ・ア・スマイル! (ニジヶサキガクエンスクールアイドルドウコウカイ ヴァージョン)
LIVE with a smile!,4,LIVE with a smile! (Liella! Ver.),LIVE with a smile! (Liella! Ver.),LIVE with a smile! (Liella! Ver.),Liella!,Liella!,Liella!,畑 亜貴,Aki Hata,하타 아키,Ryota Saito;Diz,Ryota Saito;Diz,사이토 료타;Diz,EFFY(FirstCall),EFFY(FirstCall),EFFY(FirstCall),2021-11-03,https://youtu.be/f2Dv1LPGrWA,「LoveLive! Series Presents COUNTDOWN LoveLive! 2021→2022 ～LIVE with a smile!～」テーマソングCD,ライブ・ウィズ・ア・スマイル! (リエラ ヴァージョン)
LIVE with a smile!,5,LIVE with a smile! (Off Vocal),LIVE with a smile! (Off Vocal),LIVE with a smile! (Off Vocal),,,,畑 亜貴,Aki Hata,하타 아키,Ryota Saito;Diz,Ryota Saito;Diz,사이토 료타;Diz,EFFY(FirstCall),EFFY(FirstCall),EFFY(FirstCall),2021-11-03,NA,「LoveLive! Series Presents COUNTDOWN LoveLive! 2021→2022 ～LIVE with a smile!～」テーマソングCD,ライブ・ウィズ・ア・スマイル! (オフボーカル)
not ALONE not HITORI / ミラクル STAY TUNE！ / Shooting Voice!! 【Liella!盤】,1,not ALONE not HITORI,not ALONE not HITORI,not ALONE not HITORI,Aqours,Aqours,Aqours,畑 亜貴,Aki Hata,하타 아키,小高光太郎;UiNA,Kotaro Odaka;UiNA,오다카 코타로;UiNA,小高光太郎;谷 ナオキ,Kotaro Odaka;Naoki Tani,오다카 코타로;타니 나오키,2021-11-24,https://youtu.be/gYyFqpAkf4M,「ラブライブ！シリーズのオールナイトニッポンGOLD」タイアップ企画スプリットシングル,ノット・アローン・ノット・ヒトリ
not ALONE not HITORI / ミラクル STAY TUNE！ / Shooting Voice!! 【Liella!盤】,2,ミラクル STAY TUNE!,Miracle STAY TUNE!,미라클 STAY TUNE!,虹ヶ咲学園スクールアイドル同好会,Nijigasaki High School Idol Club,니지가사키 학원 스쿨 아이돌 동호회,NOVECHIKA,NOVECHIKA,NOVECHIKA,NOVECHIKA;吉村隆行,NOVECHIKA;Takayuki Yoshimura,NOVECHIKA;요시무라 타카유키,遠藤ナオキ,Naoki Endo,엔도 나오키,2021-11-24,https://youtu.be/vr-PjmQROxY,「ラブライブ！シリーズのオールナイトニッポンGOLD」タイアップ企画スプリットシングル,ミラクル ステイ チューン
not ALONE not HITORI / ミラクル STAY TUNE！ / Shooting Voice!! 【Liella!盤】,3,Shooting Voice!!,Shooting Voice!!,Shooting Voice!!,Liella!,Liella!,Liella!,宮嶋淳子,Junko Miyajima,미야지마 준코,小幡康裕,Yasuhiro Obata,오바타 야스히로,出羽良彰,Yoshiaki Dewa,데와 요시아키,2021-11-24,https://youtu.be/0Dy5FvpIC4Q,「ラブライブ！シリーズのオールナイトニッポンGOLD」タイアップ企画スプリットシングル,シューティング・ボイス
not ALONE not HITORI / ミラクル STAY TUNE！ / Shooting Voice!! 【Liella!盤】,4,not ALONE not HITORI (Off Vocal),not ALONE not HITORI (Off Vocal),not ALONE not HITORI (Off Vocal),Aqours,Aqours,Aqours,畑 亜貴,Aki Hata,하타 아키,小高光太郎;UiNA,Kotaro Odaka;UiNA,오다카 코타로;UiNA,小高光太郎;谷 ナオキ,Kotaro Odaka;Naoki Tani,오다카 코타로;타니 나오키,2021-11-24,https://youtu.be/R41RhBfHKZ4,「ラブライブ！シリーズのオールナイトニッポンGOLD」タイアップ企画スプリットシングル,ノット・アローン・ノット・ヒトリ (オフボーカル)
not ALONE not HITORI / ミラクル STAY TUNE！ / Shooting Voice!! 【Liella!盤】,5,ミラクル STAY TUNE! (Off Vocal),Miracle STAY TUNE! (Off Vocal),미라클 STAY TUNE! (Off Vocal),虹ヶ咲学園スクールアイドル同好会,Nijigasaki High School Idol Club,니지가사키 학원 스쿨 아이돌 동호회,NOVECHIKA,NOVECHIKA,NOVECHIKA,NOVECHIKA;吉村隆行,NOVECHIKA;Takayuki Yoshimura,NOVECHIKA;요시무라 타카유키,遠藤ナオキ,Naoki Endo,엔도 나오키,2021-11-24,https://youtu.be/RcX9c5hmxig,「ラブライブ！シリーズのオールナイトニッポンGOLD」タイアップ企画スプリットシングル,ミラクル ステイ チューン (オフボーカル)
not ALONE not HITORI / ミラクル STAY TUNE！ / Shooting Voice!! 【Liella!盤】,6,Shooting Voice!! (Off Vocal),Shooting Voice!! (Off Vocal),Shooting Voice!! (Off Vocal),Liella!,Liella!,Liella!,宮嶋淳子,Junko Miyajima,미야지마 준코,小幡康裕,Yasuhiro Obata,오바타 야스히로,出羽良彰,Yoshiaki Dewa,데와 요시아키,2021-11-24,https://youtu.be/rnvDR7EXUYM,「ラブライブ！シリーズのオールナイトニッポンGOLD」タイアップ企画スプリットシングル,シューティング・ボイス (オフボーカル)
TVA1 BD Vol.3,1,勇気のカケラ,Yuuki no Kakera,용기의 조각,嵐千砂都,Chisato Arashi,아라시 치사토,宮嶋淳子,Junko Miyajima,미야지마 준코,ArmySlick;Lauren Kaori,ArmySlick;Lauren Kaori,ArmySlick;로렌 카오리,ArmySlick,ArmySlick,ArmySlick,2021-11-26,NA,TVA1 BD Vol.3,ゆうきのカケラ
TVA1 BD Vol.3,2,勇気のカケラ (Off Vocal),Yuuki no Kakera (Off Vocal),용기의 조각 (Off Vocal),嵐千砂都,Chisato Arashi,아라시 치사토,宮嶋淳子,Junko Miyajima,미야지마 준코,ArmySlick;Lauren Kaori,ArmySlick;Lauren Kaori,ArmySlick;로렌 카오리,ArmySlick,ArmySlick,ArmySlick,2021-11-26,NA,TVA1 BD Vol.3,ゆうきのカケラ (オフボーカル)
TVA1 BD Vol.4,1,ヒロインズ☆ランウェイ,Heroine's Runway,히로인즈☆런웨이,平安名すみれ,Sumire Heanna,헤안나 스미레,宮嶋淳子,Junko Miyajima,미야지마 준코,丸山真由子,Mayuko Maruyama,마루야마 마유코,森 悠也,Yuya Mori,모리 유야,2021-12-24,NA,TVA1 BD Vol.4,ヒロインズ☆ランウェイ
TVA1 BD Vol.4,2,ヒロインズ☆ランウェイ (Off Vocal),Heroine's Runway (Off Vocal),히로인즈☆런웨이 (Off Vocal),平安名すみれ,Sumire Heanna,헤안나 스미레,宮嶋淳子,Junko Miyajima,미야지마 준코,丸山真由子,Mayuko Maruyama,마루야마 마유코,森 悠也,Yuya Mori,모리 유야,2021-12-24,NA,TVA1 BD Vol.4,ヒロインズ☆ランウェイ (オフボーカル)
TVA1 BD Vol.5,1,リバーブ,Reverb,리버브,葉月恋,Ren Hazuki,하즈키 렌,宮嶋淳子,Junko Miyajima,미야지마 준코,桑原まこ,Mako Kuwabara,쿠와바라 마코,桑原まこ,Mako Kuwabara,쿠와바라 마코,2022-01-26,NA,TVA1 BD Vol.5,リバーブ
TVA1 BD Vol.5,2,リバーブ (Off Vocal),Reverb (Off Vocal),리버브 (Off Vocal),葉月恋,Ren Hazuki,하즈키 렌,宮嶋淳子,Junko Miyajima,미야지마 준코,桑原まこ,Mako Kuwabara,쿠와바라 마코,桑原まこ,Mako Kuwabara,쿠와바라 마코,2022-01-26,NA,TVA1 BD Vol.5,リバーブ (オフボーカル)
HOT PASSION!!,1,HOT PASSION!!,HOT PASSION!!,HOT PASSION!!,Sunny Passion,Sunny Passion,Sunny Passion,Lauren Kaori,Lauren Kaori,로렌 카오리,NA.ZU.NA;小久保祐希;Lauren Kaori,NA.ZU.NA;Yuki Kokubo;Lauren Kaori,NA.ZU.NA;코쿠보 유키;로렌 카오리,NA.ZU.NA,NA.ZU.NA,NA.ZU.NA,2022-02-02,https://youtu.be/lZ9RHOwco_g,,ホット・パッション
HOT PASSION!!,2,Till Sunrise,Till Sunrise,Till Sunrise,Sunny Passion,Sunny Passion,Sunny Passion,Lauren Kaori,Lauren Kaori,로렌 카오리,NA.ZU.NA;小久保祐希;Lauren Kaori,NA.ZU.NA;Yuki Kokubo;Lauren Kaori,NA.ZU.NA;코쿠보 유키;로렌 카오리,NA.ZU.NA,NA.ZU.NA,NA.ZU.NA,2022-02-02,https://youtu.be/Cu5srL2Duk4,,ティル・サンライズ
HOT PASSION!!,3,HOT PASSION!! (Off Vocal),HOT PASSION!! (Off Vocal),HOT PASSION!! (Off Vocal),Sunny Passion,Sunny Passion,Sunny Passion,Lauren Kaori,Lauren Kaori,로렌 카오리,NA.ZU.NA;小久保祐希;Lauren Kaori,NA.ZU.NA;Yuki Kokubo;Lauren Kaori,NA.ZU.NA;코쿠보 유키;로렌 카오리,NA.ZU.NA,NA.ZU.NA,NA.ZU.NA,2022-02-02,NA,,ホット・パッション (オフボーカル)
HOT PASSION!!,4,Till Sunrise (Off Vocal),Till Sunrise (Off Vocal),Till Sunrise (Off Vocal),Sunny Passion,Sunny Passion,Sunny Passion,Lauren Kaori,Lauren Kaori,로렌 카오리,NA.ZU.NA;小久保祐希;Lauren Kaori,NA.ZU.NA;Yuki Kokubo;Lauren Kaori,NA.ZU.NA;코쿠보 유키;로렌 카오리,NA.ZU.NA,NA.ZU.NA,NA.ZU.NA,2022-02-02,NA,,ティル・サンライズ (オフボーカル)
TVA1 BD Vol.6,1,トゥ トゥ トゥ！,Tu Tu Tu!,투 투 투!,Liella!,Liella!,Liella!,宮嶋淳子,Junko Miyajima,미야지마 준코,高木誠司,Seiji Takagi,타카기 세이지,高木誠司,Seiji Takagi,타카기 세이지,2022-02-25,NA,TVA1 BD Vol.6,トゥ トゥ トゥ！
TVA1 BD Vol.6,2,トゥ トゥ トゥ！ (Off Vocal),Tu Tu Tu! (Off Vocal),투 투 투! (Off Vocal),Liella!,Liella!,Liella!,宮嶋淳子,Junko Miyajima,미야지마 준코,高木誠司,Seiji Takagi,타카기 세이지,高木誠司,Seiji Takagi,타카기 세이지,2022-02-25,NA,TVA1 BD Vol.6,トゥ トゥ トゥ！ (オフボーカル)
TVA1 BD Full (A-on STORE),1,探して！Future,Sagashite! Future,찾아라! Future,Liella!,Liella!,Liella!,宮嶋淳子,Junko Miyajima,미야지마 준코,中野領太,Ryota Nakano,나카노 료타,中野領太,Ryota Nakano,나카노 료타,2022-02-25,NA,TVA1 BD Full (A-on STORE),さがして！フューチャー
TVA1 BD Full (A-on STORE),2,探して！Future (Off Vocal),Sagashite! Future (Off Vocal),찾아라! Future (Off Vocal),Liella!,Liella!,Liella!,宮嶋淳子,Junko Miyajima,미야지마 준코,中野領太,Ryota Nakano,나카노 료타,中野領太,Ryota Nakano,나카노 료타,2022-02-25,NA,TVA1 BD Full (A-on STORE),さがして！フューチャー (オフボーカル)
TVA1 BD Full (animate),1,HAPPY TO DO WA！,HAPPY TO DO WA!,HAPPY TO DO WA!,唐可可;平安名すみれ;葉月恋,Keke Tang;Sumire Heanna;Ren Hazuki,탕 쿠쿠;헤안나 스미레;하즈키 렌,宮嶋淳子,Junko Miyajima,미야지마 준코,イワツボコーダイ;吹野クワガタ,Kodai Iwatsubo;Kuwagata Fukino,이와츠보 코다이;후키노 쿠와가타,吹野クワガタ,Kuwagata Fukino,후키노 쿠와가타,2022-02-25,NA,TVA1 BD Full (animate),ハッピー・トゥー・ドゥ・ワー
TVA1 BD Full (animate),2,HAPPY TO DO WA！ (Off Vocal),HAPPY TO DO WA! (Off Vocal),HAPPY TO DO WA! (Off Vocal),唐可可;平安名すみれ;葉月恋,Keke Tang;Sumire Heanna;Ren Hazuki,탕 쿠쿠;헤안나 스미레;하즈키 렌,宮嶋淳子,Junko Miyajima,미야지마 준코,イワツボコーダイ;吹野クワガタ,Kodai Iwatsubo;Kuwagata Fukino,이와츠보 코다이;후키노 쿠와가타,吹野クワガタ,Kuwagata Fukino,후키노 쿠와가타,2022-02-25,NA,TVA1 BD Full (animate),ハッピー・トゥー・ドゥ・ワー (オフボーカル)
TVA1 BD Full (Gamers),1,Stella!,Stella!,Stella!,澁谷かのん;嵐千砂都;平安名すみれ,Kanon Shibuya;Chisato Arashi;Sumire Heanna,시부야 카논;아라시 치사토;헤안나 스미레,宮嶋淳子,Junko Miyajima,미야지마 준코,久保田真悟(Jazzin'park);栗原 暁(Jazzin'park),Singo Kubota(Jazzin'park);Satoru Kurihara(Jazzin'park),쿠보타 신고(Jazzin'park);쿠리하라 사토루(Jazzin'park),久保田真悟(Jazzin'park);兼松 衆,Singo Kubota (Jazzin'park);Shu Kanematsu,쿠보타 신고(Jazzin'park);카네마츠 슈,2022-02-25,NA,TVA1 BD Full (Gamers),ステラ！
TVA1 BD Full (Gamers),2,Stella! (Off Vocal),Stella! (Off Vocal),Stella! (Off Vocal),澁谷かのん;嵐千砂都;平安名すみれ,Kanon Shibuya;Chisato Arashi;Sumire Heanna,시부야 카논;아라시 치사토;헤안나 스미레,宮嶋淳子,Junko Miyajima,미야지마 준코,久保田真悟(Jazzin'park);栗原 暁(Jazzin'park),Singo Kubota(Jazzin'park);Satoru Kurihara(Jazzin'park),쿠보타 신고(Jazzin'park);쿠리하라 사토루(Jazzin'park),久保田真悟(Jazzin'park);兼松 衆,Singo Kubota (Jazzin'park);Shu Kanematsu,쿠보타 신고(Jazzin'park);카네마츠 슈,2022-02-25,NA,TVA1 BD Full (Gamers),ステラ！ (オフボーカル)
TVA1 BD Full (Sofmap × Animega),1,変わらないすべて,Kawaranai Subete,변하지 않는 모든 것,澁谷かのん;嵐千砂都,Kanon Shibuya;Chisato Arashi,시부야 카논;아라시 치사토,宮嶋淳子,Junko Miyajima,미야지마 준코,川崎里実,Satomi Kawasaki,카와사키 사토미,出羽良彰,Yoshiaki Dewa,데와 요시아키,2022-02-25,NA,TVA1 BD Full (Sofmap × Animega),かわらないすべて
TVA1 BD Full (Sofmap × Animega),2,変わらないすべて (Off Vocal),Kawaranai Subete (Off Vocal),변하지 않는 모든 것 (Off Vocal),澁谷かのん;嵐千砂都,Kanon Shibuya;Chisato Arashi,시부야 카논;아라시 치사토,宮嶋淳子,Junko Miyajima,미야지마 준코,川崎里実,Satomi Kawasaki,카와사키 사토미,出羽良彰,Yoshiaki Dewa,데와 요시아키,2022-02-25,NA,TVA1 BD Full (Sofmap × Animega),かわらないすべて (オフボーカル)
TVA1 BD Full (Rakuten Books),1,クレッシェンドゆ・ら,Crescendo Yu・Ra,크레센도 흔・들,唐可可;葉月恋,Keke Tang;Ren Hazuki,탕 쿠쿠;하즈키 렌,宮嶋淳子,Junko Miyajima,미야지마 준코,三好啓太,Keita Miyoshi,미요시 케이타,三好啓太,Keita Miyoshi,미요시 케이타,2022-02-25,NA,TVA1 BD Full (Rakuten Books),クレッシェンドゆ・ら
TVA1 BD Full (Rakuten Books),2,クレッシェンドゆ・ら (Off Vocal),Crescendo Yu・Ra (Off Vocal),크레센도 흔・들 (Off Vocal),唐可可;葉月恋,Keke Tang;Ren Hazuki,탕 쿠쿠;하즈키 렌,宮嶋淳子,Junko Miyajima,미야지마 준코,三好啓太,Keita Miyoshi,미요시 케이타,三好啓太,Keita Miyoshi,미요시 케이타,2022-02-25,NA,TVA1 BD Full (Rakuten Books),クレッシェンドゆ・ら (オフボーカル)
What a Wonderful Dream!!,1,START!! True dreams,START!! True dreams,START!! True dreams,Liella!,Liella!,Liella!,畑 亜貴,Aki Hata,하타 아키,小幡康裕,Yasuhiro Obata,오바타 야스히로,山下洋介,Yosuke Yamashita,야마시타 요스케,2022-03-02,https://youtu.be/NVgf7WuYD70,,スタート!! トゥルー・ドリームス
What a Wonderful Dream!!,2,What a Wonderful Dream!!,What a Wonderful Dream!!,What a Wonderful Dream!!,Liella!,Liella!,Liella!,宮嶋淳子,Junko Miyajima,미야지마 준코,フワリ,Fuwari,후와리,兼松 衆,Shu Kanematsu,카네마츠 슈,2022-03-02,https://youtu.be/_RUHUwCINXY,,ワット・ア・ワンダフル・ドリーム!!
What a Wonderful Dream!!,3,水色のSunday,Mizuiro no Sunday,물빛 Sunday,唐可可,Keke Tang,탕 쿠쿠,宮嶋淳子,Junko Miyajima,미야지마 준코,宮野弦士,Gento Miyano,미야노 겐토,宮野弦士,Gento Miyano,미야노 겐토,2022-03-02,https://youtu.be/VAOLoxnr7s0,,みずいろのサンデー
What a Wonderful Dream!!,4,Flyer's High,Flyer's High,Flyer's High,嵐千砂都,Chisato Arashi,아라시 치사토,宮嶋淳子,Junko Miyajima,미야지마 준코,久保田真悟(Jazzin'park);栗原 暁(Jazzin'park),Singo Kubota(Jazzin'park);Satoru Kurihara(Jazzin'park),쿠보타 신고(Jazzin'park);쿠리하라 사토루(Jazzin'park),久保田真悟(Jazzin'park);兼松 衆,Singo Kubota (Jazzin'park);Shu Kanematsu,쿠보타 신고(Jazzin'park);카네마츠 슈,2022-03-02,https://youtu.be/gPrsIjtTYuk,,フライヤーズ・ハイ
What a Wonderful Dream!!,5,みてろ！,Mitero!,봐!,平安名すみれ,Sumire Heanna,헤안나 스미레,宮嶋淳子,Junko Miyajima,미야지마 준코,家原正樹,Masaki Iehara,이에하라 마사키,家原正樹,Masaki Iehara,이에하라 마사키,2022-03-02,https://youtu.be/sZ2A0qafxUo,,みてろ！
What a Wonderful Dream!!,6,始まりは君の空,Hajimari wa Kimi no Sora,시작은 너의 하늘,Liella!,Liella!,Liella!,畑 亜貴,Aki Hata,하타 아키,兼松 衆,Shu Kanematsu,카네마츠 슈,兼松 衆,Shu Kanematsu,카네마츠 슈,2022-03-02,https://youtu.be/FmIyfiKTP1Q,,はじまりはきみのそら
What a Wonderful Dream!!,7,微熱のワルツ,Binetsu no Waltz,미열의 왈츠,葉月恋,Ren Hazuki,하즈키 렌,宮嶋淳子,Junko Miyajima,미야지마 준코,カワイヒデヒロ,Hidehiro Kawai,카와이히데히로,カワイヒデヒロ,Hidehiro Kawai,카와이히데히로,2022-03-02,https://youtu.be/OxM-4E7V5pY,,びねつのワルツ
What a Wonderful Dream!!,8,青空を待ってる,Aozora o Matteru,푸른 하늘을 기다리고 있어,澁谷かのん,Kanon Shibuya,시부야 카논,宮嶋淳子,Junko Miyajima,미야지마 준코,ヒロキ（リリィ、さよなら。）,"Hiroki (Lily, Sayonara.)","히로키(릴리, 사요나라.)",斎木達彦,Tatsuhiko Saiki,사이키 타츠히코,2022-03-02,https://youtu.be/ElmguCA0SuI,,あおぞらをまってる
What a Wonderful Dream!!,9,未来は風のように,Mirai wa Kaze no You ni,미래는 바람처럼,Liella!,Liella!,Liella!,畑 亜貴,Aki Hata,하타 아키,山田智和,Tomokazu Yamada,야마다 토모카즈,久保田真悟(Jazzin'park);兼松 衆,Singo Kubota (Jazzin'park);Shu Kanematsu,쿠보타 신고(Jazzin'park);카네마츠 슈,2022-03-02,https://youtu.be/dDc6BXHDhrY,,みらいはかぜのように
What a Wonderful Dream!!,10,ユニゾン,Unison,유니즌,Liella!,Liella!,Liella!,宮嶋淳子,Junko Miyajima,미야지마 준코,小久保祐希;石黑 剛,Yuki Kokubo;Gou Ishikuro,코쿠보 유키;이시쿠로 고우,石黑 剛,Gou Ishikuro,이시쿠로 고우,2022-03-02,https://youtu.be/Q3M0lEXnqMs,,ユニゾン
WE WILL!!,1,WE WILL!!,WE WILL!!,WE WILL!!,Liella!,Liella!,Liella!,宮嶋淳子,Junko Miyajima,미야지마 준코,Motokiyo,Motokiyo,Motokiyo,山下洋介,Yosuke Yamashita,야마시타 요스케,2022-08-03,https://youtu.be/NBBt0pqYqZU,,ウィー・ウィル
WE WILL!!,2,スター宣言,Star Sengen,스타 선언,Liella!,Liella!,Liella!,宮嶋淳子,Junko Miyajima,미야지마 준코,丸山真由子,Mayuko Maruyama,마루야마 마유코,家原正樹,Masaki Iehara,이에하라 마사키,2022-08-03,https://youtu.be/L0auiy_wPNM,,スターせんげん
WE WILL!!,3,WE WILL!! (Off Vocal),WE WILL!! (Off Vocal),WE WILL!! (Off Vocal),Liella!,Liella!,Liella!,宮嶋淳子,Junko Miyajima,미야지마 준코,Motokiyo,Motokiyo,Motokiyo,山下洋介,Yosuke Yamashita,야마시타 요스케,2022-08-03,NA,,ウィー・ウィル (オフボーカル)
WE WILL!!,4,スター宣言 (Off Vocal),Star Sengen (Off Vocal),스타 선언 (Off Vocal),Liella!,Liella!,Liella!,宮嶋淳子,Junko Miyajima,미야지마 준코,丸山真由子,Mayuko Maruyama,마루야마 마유코,家原正樹,Masaki Iehara,이에하라 마사키,2022-08-03,NA,,スターせんげん (オフボーカル)
追いかける夢の先で,1,追いかける夢の先で,Oi kakeru Yume no Saki de,뒤쫓아가는 꿈 너머에서,Liella!,Liella!,Liella!,畑 亜貴,Aki Hata,하타 아키,石黑 剛;常楽寺 澪,Gou Ishikuro;Mio Jorakuji,이시쿠로 고우;죠라쿠지 미오,久保田真悟(Jazzin'park);兼松 衆,Singo Kubota (Jazzin'park);Shu Kanematsu,쿠보타 신고(Jazzin'park);카네마츠 슈,2022-08-10,https://youtu.be/AKBV8afIcmE,,おいかけるゆめのさきで
追いかける夢の先で,2,水しぶきのサイン,Mizushibuki no Sign,물보라의 신호,Liella!,Liella!,Liella!,宮嶋淳子,Junko Miyajima,미야지마 준코,めんま,Menma,멘마,めんま,Menma,멘마,2022-08-10,https://youtu.be/EL619Be7OLU,,みずしぶきのサイン
追いかける夢の先で,3,追いかける夢の先で (Off Vocal),Oi kakeru Yume no Saki de (Off Vocal),뒤쫓아가는 꿈 너머에서 (Off Vocal),Liella!,Liella!,Liella!,畑 亜貴,Aki Hata,하타 아키,石黑 剛;常楽寺 澪,Gou Ishikuro;Mio Jorakuji,이시쿠로 고우;죠라쿠지 미오,久保田真悟(Jazzin'park);兼松 衆,Singo Kubota (Jazzin'park);Shu Kanematsu,쿠보타 신고(Jazzin'park);카네마츠 슈,2022-08-10,NA,,おいかけるゆめのさきで (オフボーカル)
追いかける夢の先で,4,水しぶきのサイン (Off Vocal),Mizushibuki no Sign (Off Vocal),물보라의 신호 (Off Vocal),Liella!,Liella!,Liella!,宮嶋淳子,Junko Miyajima,미야지마 준코,めんま,Menma,멘마,めんま,Menma,멘마,2022-08-10,NA,,みずしぶきのサイン (オフボーカル)
Welcome to 僕らのセカイ / Go!! リスタート 【第1話盤】,1,Welcome to 僕らのセカイ,Welcome to Bokura no Sekai,Welcome to 우리들의 세계,Liella!,Liella!,Liella!,宮嶋淳子,Junko Miyajima,미야지마 준코,光増ハジメ,Hajime Mitsumasu,미츠마스 하지메,EFFY;森 悠也,EFFY;Yuya Mori,EFFY;모리 유야,2022-08-17,https://youtu.be/oDnmWbGsNxA,,ウェルカム・トゥ・ぼくらのセカイ
Welcome to 僕らのセカイ / Go!! リスタート 【第1話盤】,2,Go!! リスタート,Go!! Restart,Go!! 리스타트,Liella!,Liella!,Liella!,宮嶋淳子,Junko Miyajima,미야지마 준코,石黑 剛;常楽寺 澪,Gou Ishikuro;Mio Jorakuji,이시쿠로 고우;죠라쿠지 미오,石黑 剛,Gou Ishikuro,이시쿠로 고우,2022-08-17,https://youtu.be/iJ3aTu3UMBc,,ゴー!! リスタート
Welcome to 僕らのセカイ / Go!! リスタート 【第1話盤】,3,色づいて透明,Irozuite Tomei,색이 물들어 투명,Liella!,Liella!,Liella!,宮嶋淳子,Junko Miyajima,미야지마 준코,藤井万利子,Mariko Fujii,후지 마리코,石黑 剛,Gou Ishikuro,이시쿠로 고우,2022-08-17,https://youtu.be/ueFfIkQegHw,,いろづいてとうめい
Welcome to 僕らのセカイ / Go!! リスタート 【第1話盤】,4,Welcome to 僕らのセカイ (Off Vocal),Welcome to Bokura no Sekai (Off Vocal),Welcome to 우리들의 세계 (Off Vocal),Liella!,Liella!,Liella!,宮嶋淳子,Junko Miyajima,미야지마 준코,光増ハジメ,Hajime Mitsumasu,미츠마스 하지메,EFFY;森 悠也,EFFY;Yuya Mori,EFFY;모리 유야,2022-08-17,NA,,ウェルカム・トゥ・ぼくらのセカイ (オフボーカル)
Welcome to 僕らのセカイ / Go!! リスタート 【第1話盤】,5,Go!! リスタート (Off Vocal),Go!! Restart (Off Vocal),Go!! 리스타트 (Off Vocal),Liella!,Liella!,Liella!,宮嶋淳子,Junko Miyajima,미야지마 준코,石黑 剛;常楽寺 澪,Gou Ishikuro;Mio Jorakuji,이시쿠로 고우;죠라쿠지 미오,石黑 剛,Gou Ishikuro,이시쿠로 고우,2022-08-17,NA,,ゴー!! リスタート (オフボーカル)
Welcome to 僕らのセカイ / Go!! リスタート 【第1話盤】,6,色づいて透明 (Off Vocal),Irozuite Tomei (Off Vocal),색이 물들어 투명 (Off Vocal),Liella!,Liella!,Liella!,宮嶋淳子,Junko Miyajima,미야지마 준코,藤井万利子,Mariko Fujii,후지 마리코,石黑 剛,Gou Ishikuro,이시쿠로 고우,2022-08-17,NA,,いろづいてとうめい (オフボーカル)
Welcome to 僕らのセカイ / Go!! リスタート 【第3話盤】,1,Welcome to 僕らのセカイ,Welcome to Bokura no Sekai,Welcome to 우리들의 세계,Liella!,Liella!,Liella!,宮嶋淳子,Junko Miyajima,미야지마 준코,光増ハジメ,Hajime Mitsumasu,미츠마스 하지메,EFFY;森 悠也,EFFY;Yuya Mori,EFFY;모리 유야,2022-08-17,https://youtu.be/KQYGXswWre8,,ウェルカム・トゥ・ぼくらのセカイ
Welcome to 僕らのセカイ / Go!! リスタート 【第3話盤】,2,Go!! リスタート,Go!! Restart,Go!! 리스타트,Liella!,Liella!,Liella!,宮嶋淳子,Junko Miyajima,미야지마 준코,石黑 剛;常楽寺 澪,Gou Ishikuro;Mio Jorakuji,이시쿠로 고우;죠라쿠지 미오,石黑 剛,Gou Ishikuro,이시쿠로 고우,2022-08-17,https://youtu.be/lVdZGvEUno4,,ゴー!! リスタート
Welcome to 僕らのセカイ / Go!! リスタート 【第3話盤】,3,揺らぐわ,Yuragu wa,흔들려요,Liella!,Liella!,Liella!,宮嶋淳子,Junko Miyajima,미야지마 준코,めんま,Menma,멘마,家原正樹,Masaki Iehara,이에하라 마사키,2022-08-17,https://youtu.be/V2CXoystsAc,,ゆらぐわ
Welcome to 僕らのセカイ / Go!! リスタート 【第3話盤】,4,Welcome to 僕らのセカイ (Off Vocal),Welcome to Bokura no Sekai (Off Vocal),Welcome to 우리들의 세계 (Off Vocal),Liella!,Liella!,Liella!,宮嶋淳子,Junko Miyajima,미야지마 준코,光増ハジメ,Hajime Mitsumasu,미츠마스 하지메,EFFY;森 悠也,EFFY;Yuya Mori,EFFY;모리 유야,2022-08-17,NA,,ウェルカム・トゥ・ぼくらのセカイ (オフボーカル)
Welcome to 僕らのセカイ / Go!! リスタート 【第3話盤】,5,Go!! リスタート (Off Vocal),Go!! Restart (Off Vocal),Go!! 리스타트 (Off Vocal),Liella!,Liella!,Liella!,宮嶋淳子,Junko Miyajima,미야지마 준코,石黑 剛;常楽寺 澪,Gou Ishikuro;Mio Jorakuji,이시쿠로 고우;죠라쿠지 미오,石黑 剛,Gou Ishikuro,이시쿠로 고우,2022-08-17,NA,,ゴー!! リスタート (オフボーカル)
Welcome to 僕らのセカイ / Go!! リスタート 【第3話盤】,6,揺らぐわ (Off Vocal),Yuragu wa (Off Vocal),흔들려요 (Off Vocal),Liella!,Liella!,Liella!,宮嶋淳子,Junko Miyajima,미야지마 준코,めんま,Menma,멘마,家原正樹,Masaki Iehara,이에하라 마사키,2022-08-17,NA,,ゆらぐわ (オフボーカル)
"ビタミンSUMMER！ / Chance Day, Chance Way！ 【第6話盤】",1,ビタミンSUMMER！,Vitamin SUMMER!,비타민 SUMMER!,Liella!,Liella!,Liella!,宮嶋淳子,Junko Miyajima,미야지마 준코,ヒゲドライバー,Hige Driver,히게드라이버,ヒゲドライバー,Hige Driver,히게드라이버,2022-09-21,https://youtu.be/Y46i_cmiVio,,ビタミンサマー！
"ビタミンSUMMER！ / Chance Day, Chance Way！ 【第6話盤】",2,"Chance Day, Chance Way！","Chance Day, Chance Way!","Chance Day, Chance Way!",Liella!,Liella!,Liella!,宮嶋淳子,Junko Miyajima,미야지마 준코,津波幸平,Kohei Tsunami,츠나미 코헤이,津波幸平,Kohei Tsunami,츠나미 코헤이,2022-09-21,https://youtu.be/NbWaer4sagg,,チャンス・デイ、チャンス・ウェイ！
"ビタミンSUMMER！ / Chance Day, Chance Way！ 【第6話盤】",3,ユートピアマジック,Utopia Magic,유토피아 매직,Liella!,Liella!,Liella!,宮嶋淳子,Junko Miyajima,미야지마 준코,Aira,Aira,Aira,EFFY,EFFY,EFFY,2022-09-21,https://youtu.be/2f3r-4m74bM,,ユートピアマジック
"ビタミンSUMMER！ / Chance Day, Chance Way！ 【第6話盤】",4,ビタミンSUMMER！ (Off Vocal),Vitamin SUMMER! (Off Vocal),비타민 SUMMER! (Off Vocal),Liella!,Liella!,Liella!,宮嶋淳子,Junko Miyajima,미야지마 준코,ヒゲドライバー,Hige Driver,히게드라이버,ヒゲドライバー,Hige Driver,히게드라이버,2022-09-21,NA,,ビタミンサマー！ (オフボーカル)
"ビタミンSUMMER！ / Chance Day, Chance Way！ 【第6話盤】",5,"Chance Day, Chance Way！ (Off Vocal)","Chance Day, Chance Way! (Off Vocal)","Chance Day, Chance Way! (Off Vocal)",Liella!,Liella!,Liella!,宮嶋淳子,Junko Miyajima,미야지마 준코,津波幸平,Kohei Tsunami,츠나미 코헤이,津波幸平,Kohei Tsunami,츠나미 코헤이,2022-09-21,NA,,チャンス・デイ、チャンス・ウェイ！ (オフボーカル)
"ビタミンSUMMER！ / Chance Day, Chance Way！ 【第6話盤】",6,ユートピアマジック (Off Vocal),Utopia Magic (Off Vocal),유토피아 매직 (Off Vocal),Liella!,Liella!,Liella!,宮嶋淳子,Junko Miyajima,미야지마 준코,Aira,Aira,Aira,EFFY,EFFY,EFFY,2022-09-21,NA,,ユートピアマジック (オフボーカル)
"ビタミンSUMMER！ / Chance Day, Chance Way！ 【第8話盤】",1,ビタミンSUMMER！,Vitamin SUMMER!,비타민 SUMMER!,Liella!,Liella!,Liella!,宮嶋淳子,Junko Miyajima,미야지마 준코,ヒゲドライバー,Hige Driver,히게드라이버,ヒゲドライバー,Hige Driver,히게드라이버,2022-09-21,https://youtu.be/B73C2hZ5RQM,,ビタミンサマー！
"ビタミンSUMMER！ / Chance Day, Chance Way！ 【第8話盤】",2,"Chance Day, Chance Way！","Chance Day, Chance Way!","Chance Day, Chance Way!",Liella!,Liella!,Liella!,宮嶋淳子,Junko Miyajima,미야지마 준코,津波幸平,Kohei Tsunami,츠나미 코헤이,津波幸平,Kohei Tsunami,츠나미 코헤이,2022-09-21,https://youtu.be/DVk8tmQEHy4,,チャンス・デイ、チャンス・ウェイ！
"ビタミンSUMMER！ / Chance Day, Chance Way！ 【第8話盤】",3,POP TALKING,POP TALKING,POP TALKING,Liella!,Liella!,Liella!,宮嶋淳子,Junko Miyajima,미야지마 준코,YUU for YOU;Giz'Mo(from Jam9),YUU for YOU;Giz'Mo(from Jam9),YUU for YOU;Giz'Mo(from Jam9),YUU for YOU,YUU for YOU,YUU for YOU,2022-09-21,https://youtu.be/rVjiNjDkYcE,,ポップ・トーキング
"ビタミンSUMMER！ / Chance Day, Chance Way！ 【第8話盤】",4,ビタミンSUMMER！ (Off Vocal),Vitamin SUMMER! (Off Vocal),비타민 SUMMER! (Off Vocal),Liella!,Liella!,Liella!,宮嶋淳子,Junko Miyajima,미야지마 준코,ヒゲドライバー,Hige Driver,히게드라이버,ヒゲドライバー,Hige Driver,히게드라이버,2022-09-21,NA,,ビタミンサマー！ (オフボーカル)
"ビタミンSUMMER！ / Chance Day, Chance Way！ 【第8話盤】",5,"Chance Day, Chance Way！ (Off Vocal)","Chance Day, Chance Way! (Off Vocal)","Chance Day, Chance Way! (Off Vocal)",Liella!,Liella!,Liella!,宮嶋淳子,Junko Miyajima,미야지마 준코,津波幸平,Kohei Tsunami,츠나미 코헤이,津波幸平,Kohei Tsunami,츠나미 코헤이,2022-09-21,NA,,チャンス・デイ、チャンス・ウェイ！ (オフボーカル)
"ビタミンSUMMER！ / Chance Day, Chance Way！ 【第8話盤】",6,POP TALKING (Off Vocal),POP TALKING (Off Vocal),POP TALKING (Off Vocal),Liella!,Liella!,Liella!,宮嶋淳子,Junko Miyajima,미야지마 준코,YUU for YOU;Giz'Mo(from Jam9),YUU for YOU;Giz'Mo(from Jam9),YUU for YOU;Giz'Mo(from Jam9),YUU for YOU,YUU for YOU,YUU for YOU,2022-09-21,NA,,ポップ・トーキング (オフボーカル)
Sing！Shine！Smile！ / 未来の音が聴こえる 【第10話盤】,1,Sing！Shine！Smile！,Sing! Shine! Smile!,Sing! Shine! Smile!,Liella!,Liella!,Liella!,宮嶋淳子,Junko Miyajima,미야지마 준코,小幡康裕,Yasuhiro Obata,오바타 야스히로,前田 佑;兼松 衆,Tasuku Maeda;Shu Kanematsu,마에다 타스쿠;카네마츠 슈,2022-10-19,https://youtu.be/b_Ddvt9GGX4,,シング！シャイン！スマイル！
Sing！Shine！Smile！ / 未来の音が聴こえる 【第10話盤】,2,未来の音が聴こえる,Mirai no Oto ga Kikoeru,미래의 소리가 들려와,Liella!,Liella!,Liella!,宮嶋淳子,Junko Miyajima,미야지마 준코,小幡康裕,Yasuhiro Obata,오바타 야스히로,兼松 衆,Shu Kanematsu,카네마츠 슈,2022-10-19,https://youtu.be/0294nPe39iY,,みらいのおとがきこえる
Sing！Shine！Smile！ / 未来の音が聴こえる 【第10話盤】,3,名前呼びあうように,Namae Yobi au you ni,서로 이름을 부르듯이,Liella!,Liella!,Liella!,宮嶋淳子,Junko Miyajima,미야지마 준코,Tak Miyazawa,Tak Miyazawa,Tak Miyazawa,白戸佑輔,Yusuke Shirato,시라토 유스케,2022-10-19,https://youtu.be/AKfw3kU_p8M,,なまえよびあうように
Sing！Shine！Smile！ / 未来の音が聴こえる 【第10話盤】,4,Sing！Shine！Smile！ (Off Vocal),Sing! Shine! Smile! (Off Vocal),Sing! Shine! Smile! (Off Vocal),Liella!,Liella!,Liella!,宮嶋淳子,Junko Miyajima,미야지마 준코,小幡康裕,Yasuhiro Obata,오바타 야스히로,前田 佑;兼松 衆,Tasuku Maeda;Shu Kanematsu,마에다 타스쿠;카네마츠 슈,2022-10-19,NA,,シング！シャイン！スマイル！ (オフボーカル)
Sing！Shine！Smile！ / 未来の音が聴こえる 【第10話盤】,5,未来の音が聴こえる (Off Vocal),Mirai no Oto ga Kikoeru (Off Vocal),미래의 소리가 들려와 (Off Vocal),Liella!,Liella!,Liella!,宮嶋淳子,Junko Miyajima,미야지마 준코,小幡康裕,Yasuhiro Obata,오바타 야스히로,兼松 衆,Shu Kanematsu,카네마츠 슈,2022-10-19,NA,,みらいのおとがきこえる (オフボーカル)
Sing！Shine！Smile！ / 未来の音が聴こえる 【第10話盤】,6,名前呼びあうように (Off Vocal),Namae Yobi au you ni (Off Vocal),서로 이름을 부르듯이 (Off Vocal),Liella!,Liella!,Liella!,宮嶋淳子,Junko Miyajima,미야지마 준코,Tak Miyazawa,Tak Miyazawa,Tak Miyazawa,白戸佑輔,Yusuke Shirato,시라토 유스케,2022-10-19,NA,,なまえよびあうように (オフボーカル)
Sing！Shine！Smile！ / 未来の音が聴こえる 【第12話盤】,1,Sing！Shine！Smile！,Sing! Shine! Smile!,Sing! Shine! Smile!,Liella!,Liella!,Liella!,宮嶋淳子,Junko Miyajima,미야지마 준코,小幡康裕,Yasuhiro Obata,오바타 야스히로,前田 佑;兼松 衆,Tasuku Maeda;Shu Kanematsu,마에다 타스쿠;카네마츠 슈,2022-10-19,https://youtu.be/hoWh6_ROBiY,,シング！シャイン！スマイル！
Sing！Shine！Smile！ / 未来の音が聴こえる 【第12話盤】,2,未来の音が聴こえる,Mirai no Oto ga Kikoeru,미래의 소리가 들려와,Liella!,Liella!,Liella!,宮嶋淳子,Junko Miyajima,미야지마 준코,小幡康裕,Yasuhiro Obata,오바타 야스히로,兼松 衆,Shu Kanematsu,카네마츠 슈,2022-10-19,https://youtu.be/_5tDFY2koq4,,みらいのおとがきこえる
Sing！Shine！Smile！ / 未来の音が聴こえる 【第12話盤】,3,TO BE CONTINUED,TO BE CONTINUED,TO BE CONTINUED,Liella!,Liella!,Liella!,宮嶋淳子,Junko Miyajima,미야지마 준코,めんま,Menma,멘마,家原正樹,Masaki Iehara,이에하라 마사키,2022-10-19,https://youtu.be/KyYm4QJrCuo,,トゥ・ビー・コンティニュード
Sing！Shine！Smile！ / 未来の音が聴こえる 【第12話盤】,4,Sing！Shine！Smile！ (Off Vocal),Sing! Shine! Smile! (Off Vocal),Sing! Shine! Smile! (Off Vocal),Liella!,Liella!,Liella!,宮嶋淳子,Junko Miyajima,미야지마 준코,小幡康裕,Yasuhiro Obata,오바타 야스히로,前田 佑;兼松 衆,Tasuku Maeda;Shu Kanematsu,마에다 타스쿠;카네마츠 슈,2022-10-19,NA,,シング！シャイン！スマイル！ (オフボーカル)
Sing！Shine！Smile！ / 未来の音が聴こえる 【第12話盤】,5,未来の音が聴こえる (Off Vocal),Mirai no Oto ga Kikoeru (Off Vocal),미래의 소리가 들려와 (Off Vocal),Liella!,Liella!,Liella!,宮嶋淳子,Junko Miyajima,미야지마 준코,小幡康裕,Yasuhiro Obata,오바타 야스히로,兼松 衆,Shu Kanematsu,카네마츠 슈,2022-10-19,NA,,みらいのおとがきこえる (オフボーカル)
Sing！Shine！Smile！ / 未来の音が聴こえる 【第12話盤】,6,TO BE CONTINUED (Off Vocal),TO BE CONTINUED (Off Vocal),TO BE CONTINUED (Off Vocal),Liella!,Liella!,Liella!,宮嶋淳子,Junko Miyajima,미야지마 준코,めんま,Menma,멘마,家原正樹,Masaki Iehara,이에하라 마사키,2022-10-19,NA,,トゥ・ビー・コンティニュード (オフボーカル)
リエラのうた2,1,Dreamer Coaster,Dreamer Coaster,Dreamer Coaster,澁谷かのん,Kanon Shibuya,시부야 카논,宮嶋淳子,Junko Miyajima,미야지마 준코,小幡康裕,Yasuhiro Obata,오바타 야스히로,森 悠也,Yuya Mori,모리 유야,2022-10-26,https://youtu.be/Vwbw9eKTzh8,Kanon Ver.,ドリーマーコースター
リエラのうた2,2,Dreamer Coaster,Dreamer Coaster,Dreamer Coaster,桜小路きな子,Kinako Sakurakoji,사쿠라코지 키나코,宮嶋淳子,Junko Miyajima,미야지마 준코,小幡康裕,Yasuhiro Obata,오바타 야스히로,森 悠也,Yuya Mori,모리 유야,2022-10-26,https://youtu.be/dTWJ5iJMFOk,Kinako Ver.,ドリーマーコースター
リエラのうた2,3,エンドレスサーキット,Endless Circuit,엔드리스 서킷,唐可可,Keke Tang,탕 쿠쿠,宮嶋淳子,Junko Miyajima,미야지마 준코,小幡康裕,Yasuhiro Obata,오바타 야스히로,森 悠也,Yuya Mori,모리 유야,2022-10-26,https://youtu.be/Eg2I-3IY_0A,Keke Ver.,エンドレスサーキット
リエラのうた2,4,エンドレスサーキット,Endless Circuit,엔드리스 서킷,平安名すみれ,Sumire Heanna,헤안나 스미레,宮嶋淳子,Junko Miyajima,미야지마 준코,小幡康裕,Yasuhiro Obata,오바타 야스히로,森 悠也,Yuya Mori,모리 유야,2022-10-26,https://youtu.be/6ckg03Q2s5o,Sumire Ver.,エンドレスサーキット
リエラのうた2,5,迷宮讃歌,Meikyu Sanka,미궁 찬가,葉月恋,Ren Hazuki,하즈키 렌,宮嶋淳子,Junko Miyajima,미야지마 준코,小幡康裕,Yasuhiro Obata,오바타 야스히로,森 悠也,Yuya Mori,모리 유야,2022-10-26,https://youtu.be/kI-fhYCns-E,Ren Ver.,めいきゅうさんか
リエラのうた2,6,迷宮讃歌,Meikyu Sanka,미궁 찬가,鬼塚夏美,Natsumi Onitsuka,오니츠카 나츠미,宮嶋淳子,Junko Miyajima,미야지마 준코,小幡康裕,Yasuhiro Obata,오바타 야스히로,森 悠也,Yuya Mori,모리 유야,2022-10-26,https://youtu.be/10cEK_ZkBH8,Natsumi Ver.,めいきゅうさんか
リエラのうた2,7,プライム・アドベンチャー,Prime Adventure,프라임 어드벤쳐,Liella!,Liella!,Liella!,宮嶋淳子,Junko Miyajima,미야지마 준코,小幡康裕,Yasuhiro Obata,오바타 야스히로,森 悠也,Yuya Mori,모리 유야,2022-10-26,https://youtu.be/3df7xcf2Tek,,プライム・アドベンチャー
リエラのうた2,8,パレードはいつも,Parade wa Itsumo,퍼레이드는 언제나,米女メイ,Mei Yoneme,요네메 메이,宮嶋淳子,Junko Miyajima,미야지마 준코,小幡康裕,Yasuhiro Obata,오바타 야스히로,森 悠也,Yuya Mori,모리 유야,2022-10-26,https://youtu.be/7SFBS40mOpE,Mei Ver.,パレードはいつも
リエラのうた2,9,パレードはいつも,Parade wa Itsumo,퍼레이드는 언제나,若菜四季,Shiki Wakana,와카나 시키,宮嶋淳子,Junko Miyajima,미야지마 준코,小幡康裕,Yasuhiro Obata,오바타 야스히로,森 悠也,Yuya Mori,모리 유야,2022-10-26,https://youtu.be/K7SGDEBvCno,Shiki Ver.,パレードはいつも
リエラのうた2,10,駆けるメリーゴーランド,Kakeru Merry-go-round,달리는 회전목마,嵐千砂都,Chisato Arashi,아라시 치사토,宮嶋淳子,Junko Miyajima,미야지마 준코,小幡康裕,Yasuhiro Obata,오바타 야스히로,森 悠也,Yuya Mori,모리 유야,2022-10-26,https://youtu.be/312m8t6tqmQ,Chisato Ver.,かけるメリーゴーランド
リエラのうた2,11,駆けるメリーゴーランド,Kakeru Merry-go-round,달리는 회전목마,澁谷かのん,Kanon Shibuya,시부야 카논,宮嶋淳子,Junko Miyajima,미야지마 준코,小幡康裕,Yasuhiro Obata,오바타 야스히로,森 悠也,Yuya Mori,모리 유야,2022-10-26,https://youtu.be/H3WJQUY1RtM,Kanon Ver.,かけるメリーゴーランド
リエラのうた2,12,Time to go,Time to go,Time to go,Liella!,Liella!,Liella!,宮嶋淳子,Junko Miyajima,미야지마 준코,小幡康裕,Yasuhiro Obata,오바타 야스히로,森 悠也,Yuya Mori,모리 유야,2022-10-26,https://youtu.be/BUHUBa53aow,,タイム・トゥー・ゴウ
Butterfly Wing / エーデルシュタイン,1,Butterfly Wing,Butterfly Wing,Butterfly Wing,ウィーン・マルガレーテ,Wien Margarete,빈 마르가레테,宮嶋淳子,Junko Miyajima,미야지마 준코,森 悠也,Yuya Mori,모리 유야,森 悠也,Yuya Mori,모리 유야,2022-11-30,https://youtu.be/zmTIs9o7WII,,バタフライ ウィング
Butterfly Wing / エーデルシュタイン,2,エーデルシュタイン,Edelstein,에델슈타인,ウィーン・マルガレーテ,Wien Margarete,빈 마르가레테,宮嶋淳子,Junko Miyajima,미야지마 준코,森 悠也,Yuya Mori,모리 유야,森 悠也,Yuya Mori,모리 유야,2022-11-30,https://youtu.be/XWT0OrJj80g,,エーデルシュタイン
Butterfly Wing / エーデルシュタイン,3,Butterfly Wing (Off Vocal),Butterfly Wing (Off Vocal),Butterfly Wing (Off Vocal),ウィーン・マルガレーテ,Wien Margarete,빈 마르가레테,宮嶋淳子,Junko Miyajima,미야지마 준코,森 悠也,Yuya Mori,모리 유야,森 悠也,Yuya Mori,모리 유야,2022-11-30,NA,,バタフライ ウィング (オフボーカル)
Butterfly Wing / エーデルシュタイン,4,エーデルシュタイン (Off Vocal),Edelstein (Off Vocal),에델슈타인 (Off Vocal),ウィーン・マルガレーテ,Wien Margarete,빈 마르가레테,宮嶋淳子,Junko Miyajima,미야지마 준코,森 悠也,Yuya Mori,모리 유야,森 悠也,Yuya Mori,모리 유야,2022-11-30,NA,,エーデルシュタイン (オフボーカル)
TVA2 BD Vol.4,1,Hoshizora Monologue,Hoshizora Monologue,밤하늘 모놀로그,澁谷かのん;唐可可;嵐千砂都;平安名すみれ;葉月恋,Kanon Shibuya;Keke Tang;Chisato Arashi;Sumire Heanna;Ren Hazuki,시부야 카논;탕 쿠쿠;아라시 치사토;헤안나 스미레;하즈키 렌,宮嶋淳子,Junko Miyajima,미야지마 준코,小幡康裕,Yasuhiro Obata,오바타 야스히로,小幡康裕,Yasuhiro Obata,오바타 야스히로,2022-12-23,NA,TVA2 BD Vol.4,ホシゾラモノローグ
TVA2 BD Vol.4,2,Hoshizora Monologue (Off Vocal),Hoshizora Monologue (Off Vocal),밤하늘 모놀로그 (Off Vocal),澁谷かのん;唐可可;嵐千砂都;平安名すみれ;葉月恋,Kanon Shibuya;Keke Tang;Chisato Arashi;Sumire Heanna;Ren Hazuki,시부야 카논;탕 쿠쿠;아라시 치사토;헤안나 스미레;하즈키 렌,宮嶋淳子,Junko Miyajima,미야지마 준코,小幡康裕,Yasuhiro Obata,오바타 야스히로,小幡康裕,Yasuhiro Obata,오바타 야스히로,2022-12-23,NA,TVA2 BD Vol.4,ホシゾラモノローグ (オフボーカル)
TVA2 BD Vol.5,1,Blooming Dance！Dance！,Blooming Dance! Dance!,Blooming Dance! Dance!,桜小路きな子;米女メイ;若菜四季;鬼塚夏美,Kinako Sakurakoji;Mei Yoneme;Shiki Wakana;Natsumi Onitsuka,사쿠라코지 키나코;요네메 메이;와카나 시키;오니츠카 나츠미,宮嶋淳子,Junko Miyajima,미야지마 준코,YUU for YOU;Giz'Mo(from Jam9),YUU for YOU;Giz'Mo(from Jam9),YUU for YOU;Giz'Mo(from Jam9),YUU for YOU,YUU for YOU,YUU for YOU,2023-01-27,NA,TVA2 BD Vol.5,ブルーミング・ダンス！ダンス！
TVA2 BD Vol.5,2,Blooming Dance！Dance！ (Off Vocal),Blooming Dance! Dance! (Off Vocal),Blooming Dance! Dance! (Off Vocal),桜小路きな子;米女メイ;若菜四季;鬼塚夏美,Kinako Sakurakoji;Mei Yoneme;Shiki Wakana;Natsumi Onitsuka,사쿠라코지 키나코;요네메 메이;와카나 시키;오니츠카 나츠미,宮嶋淳子,Junko Miyajima,미야지마 준코,YUU for YOU;Giz'Mo(from Jam9),YUU for YOU;Giz'Mo(from Jam9),YUU for YOU;Giz'Mo(from Jam9),YUU for YOU,YUU for YOU,YUU for YOU,2023-01-27,NA,TVA2 BD Vol.5,ブルーミング・ダンス！ダンス！ (オフボーカル)
TVA2 BD Vol.6,1,Including you,Including you,Including you,Liella!,Liella!,Liella!,宮嶋淳子,Junko Miyajima,미야지마 준코,由良崇将,Takamasa Yura,유라 타카마사,EFFY,EFFY,EFFY,2023-02-24,NA,TVA2 BD Vol.6,インクルーディング・ユー
TVA2 BD Vol.6,2,Including you (Off Vocal),Including you (Off Vocal),Including you (Off Vocal),Liella!,Liella!,Liella!,宮嶋淳子,Junko Miyajima,미야지마 준코,由良崇将,Takamasa Yura,유라 타카마사,EFFY,EFFY,EFFY,2023-02-24,NA,TVA2 BD Vol.6,インクルーディング・ユー (オフボーカル)
Second Sparkle,1,WE WILL!!,WE WILL!!,WE WILL!!,Liella!,Liella!,Liella!,宮嶋淳子,Junko Miyajima,미야지마 준코,Motokiyo,Motokiyo,Motokiyo,山下洋介,Yosuke Yamashita,야마시타 요스케,2023-03-15,https://youtu.be/XNLmRNuud3s,,ウィー・ウィル
Second Sparkle,2,Second Sparkle,Second Sparkle,Second Sparkle,Liella!,Liella!,Liella!,宮嶋淳子,Junko Miyajima,미야지마 준코,めんま,Menma,멘마,水野谷怜,Ren Mizunoya,미즈노야 렌,2023-03-15,https://youtu.be/XZlDeyBmoPs,,セカンド スパークル
Second Sparkle,3,ビギナーズRock!!,Beginner's Rock!!,비기너즈 Rock!!,桜小路きな子,Kinako Sakurakoji,사쿠라코지 키나코,宮嶋淳子,Junko Miyajima,미야지마 준코,野崎心平,Shinpei Nozaki,노자키 신페이,野崎心平,Shinpei Nozaki,노자키 신페이,2023-03-15,https://youtu.be/inksbjoxQpw,,ビギナーズ ロック!!
Second Sparkle,4,ミッドナイトラプソディ,Midnight Rhapsody,미드나이트 랩소디,葉月恋,Ren Hazuki,하즈키 렌,宮嶋淳子,Junko Miyajima,미야지마 준코,山田智和,Tomokazu Yamada,야마다 토모카즈,住谷翔平;井上泰久,Shouhei Sumiya;Yasuhisa Inoue,스미야 쇼헤이;이노우에 야스히사,2023-03-15,https://youtu.be/C6jJduciSe0,,ミッドナイトラプソディ
Second Sparkle,5,星屑クルージング,Hoshikuzu Cruising,별무리 크루징,唐可可,Keke Tang,탕 쿠쿠,宮嶋淳子,Junko Miyajima,미야지마 준코,小幡康裕,Yasuhiro Obata,오바타 야스히로,小幡康裕,Yasuhiro Obata,오바타 야스히로,2023-03-15,https://youtu.be/2kegGtIK4UY,,ほしくずクルージング
Second Sparkle,6,君を想う花になる,Kimi o Omou Hana ni Naru,너를 생각하는 꽃이 될 거야,嵐千砂都,Chisato Arashi,아라시 치사토,宮嶋淳子,Junko Miyajima,미야지마 준코,石黑 剛;常楽寺 澪,Gou Ishikuro;Mio Jorakuji,이시쿠로 고우;죠라쿠지 미오,石黑 剛,Gou Ishikuro,이시쿠로 고우,2023-03-15,https://youtu.be/lWz0WrtMMhk,,きみをおもうはなになる
Second Sparkle,7,茜心,Akane Gokoro,붉은 마음,米女メイ,Mei Yoneme,요네메 메이,宮嶋淳子,Junko Miyajima,미야지마 준코,めんま,Menma,멘마,めんま,Menma,멘마,2023-03-15,https://youtu.be/o823ZK_gBlE,,あかねこころ
Second Sparkle,8,ガラスボールリジェクション,Glass Ball Rejection,글래스볼 리젝션,若菜四季,Shiki Wakana,와카나 시키,宮嶋淳子,Junko Miyajima,미야지마 준코,めんま,Menma,멘마,Eunsol(1008),Eunsol(1008),Eunsol(1008),2023-03-15,https://youtu.be/kE1c5jLjAIc,,ガラスボールリジェクション
Second Sparkle,9,Eyeをちょうだい,Eye o Choudai,Eye를 주세요,鬼塚夏美,Natsumi Onitsuka,오니츠카 나츠미,宮嶋淳子,Junko Miyajima,미야지마 준코,中嶋純子,Junko Nakajima,나카지마 준코,中嶋純子;森 悠也,Junko Nakajima;Yuya Mori,나카지마 준코;모리 유야,2023-03-15,https://youtu.be/wHD1DNV-ZOs,,アイをちょうだい
Second Sparkle,10,Starry Prayer,Starry Prayer,Starry Prayer,平安名すみれ,Sumire Heanna,헤안나 스미레,宮嶋淳子,Junko Miyajima,미야지마 준코,JunPayer,JunPayer,JunPayer,JunPayer;吉岡竜汰,JunPayer;Ryuta Yoshioka,JunPayer;요시오카 류타,2023-03-15,https://youtu.be/U3udO3oJ-vg,,スターリー・プレイヤー
Second Sparkle,11,Free Flight,Free Flight,Free Flight,澁谷かのん,Kanon Shibuya,시부야 카논,宮嶋淳子,Junko Miyajima,미야지마 준코,INFX;Nurhadaina Binte Ariffin,INFX;Nurhadaina Binte Ariffin,INFX(이노픽스);Nurhadaina Binte Ariffin,INFX;家原正樹,INFX;Masaki Iehara,INFX(이노픽스);이에하라 마사키,2023-03-15,https://youtu.be/R6GZGsBNQgo,,フリーフライト
Second Sparkle,12,私のSymphony ~2022Ver.~,Watashi no Symphony ~2022Ver.~,나의 Symphony ~2022Ver.~,Liella!,Liella!,Liella!,宮嶋淳子,Junko Miyajima,미야지마 준코,高木誠司;高慶CO-K卓史,"Seiji Takagi;Kokei ""CO-K"" Takafumi",타카기 세이지;타카후미 코케이,高慶CO-K卓史;兼松 衆,"Kokei ""CO-K"" Takafumi;Shu Kanematsu",타카후미 코케이;카네마츠 슈,2023-03-15,https://youtu.be/GNyAZZldK84,,わたしのシンフォニー (2022ねん ヴァージョン)
Second Sparkle,13,追いかける夢の先で,Oi kakeru Yume no Saki de,뒤쫓아가는 꿈 너머에서,Liella!,Liella!,Liella!,畑 亜貴,Aki Hata,하타 아키,石黑 剛;常楽寺 澪,Gou Ishikuro;Mio Jorakuji,이시쿠로 고우;죠라쿠지 미오,久保田真悟(Jazzin'park);兼松 衆,Singo Kubota (Jazzin'park);Shu Kanematsu,쿠보타 신고(Jazzin'park);카네마츠 슈,2023-03-15,https://youtu.be/ZLbanEpXvb0,,おいかけるゆめのさきで
MIRACLE NEW STORY,1,MIRACLE NEW STORY,MIRACLE NEW STORY,MIRACLE NEW STORY,Liella!,Liella!,Liella!,畑 亜貴,Aki Hata,하타 아키,小幡康裕,Yasuhiro Obata,오바타 야스히로,EFFY,EFFY,EFFY,2023-05-17,https://youtu.be/Yk5ozvTSgwo,SIF2 MIRACLE LIVE Theme Song,ミラクル・ニュー・ストーリー
MIRACLE NEW STORY,2,キラーキューン☆,Kirakyun☆,반짝 두근☆,Liella!,Liella!,Liella!,宮嶋淳子,Junko Miyajima,미야지마 준코,大熊淳生,Atsuki Okuma,오쿠마 아츠키,大熊淳生,Atsuki Okuma,오쿠마 아츠키,2023-05-17,https://youtu.be/eNdP4qEYGa4,SIF2 MIRACLE LIVE Theme Song,キラーキューン☆
MIRACLE NEW STORY,3,MIRACLE NEW STORY (Off Vocal),MIRACLE NEW STORY (Off Vocal),MIRACLE NEW STORY (Off Vocal),Liella!,Liella!,Liella!,畑 亜貴,Aki Hata,하타 아키,小幡康裕,Yasuhiro Obata,오바타 야스히로,EFFY,EFFY,EFFY,2023-05-17,NA,SIF2 MIRACLE LIVE Theme Song,ミラクル・ニュー・ストーリー (オフボーカル)
MIRACLE NEW STORY,4,キラーキューン☆ (Off Vocal),Kirakyun☆ (Off Vocal),반짝 두근☆ (Off Vocal),Liella!,Liella!,Liella!,宮嶋淳子,Junko Miyajima,미야지마 준코,大熊淳生,Atsuki Okuma,오쿠마 아츠키,大熊淳生,Atsuki Okuma,오쿠마 아츠키,2023-05-17,NA,SIF2 MIRACLE LIVE Theme Song,キラーキューン☆ (オフボーカル)