日本語,Romaji,한국어,歌,Singer,가수,作詞,Lyrics,작사,作曲,Compose,작곡,編曲,Arrange,편곡,Album,Release,Link,Note,発音
TOKIMEKI Runners,TOKIMEKI Runners,TOKIMEKI Runners,虹ヶ咲学園スクールアイドル同好会,Nijigasaki High School Idol Club,니지가사키 학원 스쿨 아이돌 동호회,畑 亜貴,Aki Hata,하타 아키,矢鴇つかさ(Arte Refract),Tsukasa Yatoki(Arte Refract),야토키 츠카사(Arte Refract),矢鴇つかさ(Arte Refract),Tsukasa Yatoki(Arte Refract),야토키 츠카사(Arte Refract),TOKIMEKI Runners,2018-11-21,https://youtu.be/ToT2O8wp0Jo,9 Members Ver.,ときめきランナーズ
夢への一歩,Yume e no Ippo,꿈으로의 한 걸음,上原歩夢,Ayumu Uehara,우에하라 아유무,Akira Sunset,Akira Sunset,Akira Sunset,Akira Sunset,Akira Sunset,Akira Sunset,菊地博人,Hiroto Kikuchi,키쿠치 히로토,TOKIMEKI Runners,2018-11-21,https://youtu.be/suWk33wqGrs,,ゆめへのいっぽ
ダイアモンド,Diamond,다이아몬드,中須かすみ,Kasumi Nakasu,나카스 카스미,鈴木エレカ;JOE,Ereca Suzuki;JOE,스즈키 에레카;JOE,鈴木エレカ;JOE,Ereca Suzuki;JOE,스즈키 에레카;JOE,tasuku,tasuku,tasuku,TOKIMEKI Runners,2018-11-21,https://youtu.be/dNYPwvpqAuw,,ダイアモンド
あなたの理想のヒロイン,Anata no Risou no Heroine,당신의 이상적인 히로인,桜坂しずく,Shizuku Osaka,오사카 시즈쿠,月見草,Tsukimisou,츠키미소오,月見草,Tsukimisou,츠키미소오,遠藤ナオキ,Naoki Endo,엔도 나오키,TOKIMEKI Runners,2018-11-21,https://youtu.be/WIqYLm9EH6I,,あなたのりそうのヒロイン
Starlight,Starlight,Starlight,朝香果林,Karin Asaka,아사카 카린,BEATNINE,BEATNINE,BEATNINE,BEATNINE,BEATNINE,BEATNINE,BEATNINE,BEATNINE,BEATNINE,TOKIMEKI Runners,2018-11-21,https://youtu.be/1SpOixerr44,,スターライト
めっちゃGoing!!,Meccha Going!!,엄청 Going!!,宮下 愛,Ai Miyashita,미야시타 아이,Akira Sunset,Akira Sunset,Akira Sunset,Akira Sunset;Carlos K.,Akira Sunset;Carlos K.,Akira Sunset;Carlos K.,Carlos K.,Carlos K.,Carlos K.,TOKIMEKI Runners,2018-11-21,https://youtu.be/zweAj9PDuo4,,めっちゃゴーイング!!
眠れる森に行きたいな,Nemureru Mori ni Ikitai na,잠자는 숲 속으로 가고 싶어,近江彼方,Kanata Konoe,코노에 카나타,Ryota Saito;Diz,Ryota Saito;Diz,Ryota Saito;Diz,Ryota Saito;Diz,Ryota Saito;Diz,Ryota Saito;Diz,Ryota Saito;Diz,Ryota Saito;Diz,Ryota Saito;Diz,TOKIMEKI Runners,2018-11-21,https://youtu.be/wc2QLrW7Gqg,,ねむれるもりにいきたいな
CHASE!,CHASE!,CHASE!,優木せつ菜,Setsuna Yuki,유키 세츠나,鈴木エレカ;JOE,Ereca Suzuki;JOE,스즈키 에레카;JOE,鈴木エレカ;JOE,Ereca Suzuki;JOE,스즈키 에레카;JOE,tasuku,tasuku,tasuku,TOKIMEKI Runners,2018-11-21,https://youtu.be/5R1l0xrtVOc,,チェイス!
Evergreen,Evergreen,Evergreen,エマ・ヴェルデ,Emma Verde,엠마 베르데,Ryota Saito;近谷直之,Ryota Saito;Naoyuki Chikatani,Ryota Saito;치카타니 나오유키,Ryota Saito;近谷直之,Ryota Saito;Naoyuki Chikatani,Ryota Saito;치카타니 나오유키,Ryota Saito;近谷直之,Ryota Saito;Naoyuki Chikatani,Ryota Saito;치카타니 나오유키,TOKIMEKI Runners,2018-11-21,https://youtu.be/AQAYnluAxd8,,エバーグリーン
ドキピポ☆エモーション,Doki Pipo☆Emotion,도키피포☆이모션,天王寺璃奈,Rina Tennoji,텐노지 리나,NOVECHIKA;菊池博人,NOVECHIKA;Hiroto Kikuchi,NOVECHIKA;키쿠치 히로토,NOVECHIKA;菊池博人,NOVECHIKA;Hiroto Kikuchi,NOVECHIKA;키쿠치 히로토,NOVECHIKA;菊池博人,NOVECHIKA;Hiroto Kikuchi,NOVECHIKA;키쿠치 히로토,TOKIMEKI Runners,2018-11-21,https://youtu.be/Otar-6a710Y,,ドキピポ　エモーション
開花宣言,Kaika Sengen,개화선언,上原歩夢,Ayumu Uehara,우에하라 아유무,Akira Sunset,Akira Sunset,Akira Sunset,Akira Sunset,Akira Sunset,Akira Sunset,遠藤ナオキ,Naoki Endo,엔도 나오키,Love U my friends,2019-10-02,https://youtu.be/EBnpWRCONnM,,かいかせんげん
☆ワンダーランド☆,☆Wonderland☆,☆원더랜드☆,中須かすみ,Kasumi Nakasu,나카스 카스미,鈴木エレカ,Ereca Suzuki,스즈키 에레카,NOVECHIKA;TETTA,NOVECHIKA;TETTA,NOVECHIKA;TETTA,NOVECHIKA;TETTA,NOVECHIKA;TETTA,NOVECHIKA;TETTA,Love U my friends,2019-10-02,https://youtu.be/01kjQV-7fQQ,,ワンダーランド
オードリー ,Audrey,오드리,桜坂しずく,Shizuku Osaka,오사카 시즈쿠,月見草,Tsukimisou,츠키미소오,月見草,Tsukimisou,츠키미소오,菊地博人,Hiroto Kikuchi,키쿠치 히로토,Love U my friends,2019-10-02,https://youtu.be/_D8EIlJi7wE,,オードリー 
Wish,Wish,Wish,朝香果林,Karin Asaka,아사카 카린,BEATNINE,BEATNINE,BEATNINE,Carlos K.,Carlos K.,Carlos K.,Carlos K.;JOE,Carlos K.;JOE,Carlos K.;JOE,Love U my friends,2019-10-02,https://youtu.be/Ifp-5U4VGok,,ウィッシュ
友 & 愛,Yuu & Ai,친구 & 사랑,宮下 愛,Ai Miyashita,미야시타 아이,Akira Sunset,Akira Sunset,Akira Sunset,Carlos K.,Carlos K.,Carlos K.,Carlos K.;Konnie Aoki,Carlos K.;Konnie Aoki,Carlos K.;Konnie Aoki,Love U my friends,2019-10-02,https://youtu.be/lo3OB-a7TCg,,ゆう アンド あい
My Own Fairy-Tale,My Own Fairy-Tale,My Own Fairy-Tale,近江彼方,Kanata Konoe,코노에 카나타,Ryota Saito,Ryota Saito,Ryota Saito,Ryota Saito;Diz,Ryota Saito;Diz,Ryota Saito;Diz,Ryota Saito;Diz,Ryota Saito;Diz,Ryota Saito;Diz,Love U my friends,2019-10-02,https://youtu.be/a-WarIBtd3w,,マイ・オウン・フェアリーテイル
MELODY,MELODY,MELODY,優木せつ菜,Setsuna Yuki,유키 세츠나,鈴木エレカ,Ereca Suzuki,스즈키 에레카,鈴木まなか;Hiroki Sagawa,Manaka Suzuki;Hiroki Sagawa,스즈키 마나카;Hiroki Sagawa,サイトウ リョースケ,Ryosuke Saito,사이토 료스케,Love U my friends,2019-10-02,https://youtu.be/PvVgqYSsQ2Y,,メロディー
声繋ごうよ,Koe Tsunagou yo,목소리를 잇자,エマ・ヴェルデ,Emma Verde,엠마 베르데,Ryota Saito,Ryota Saito,Ryota Saito,浦島健太;山本 匠,Kenta Urashima;Takumi Yamamoto,우라시마 켄타;야마모토 타쿠미,浦島健太;山本 匠,Kenta Urashima;Takumi Yamamoto,우라시마 켄타;야마모토 타쿠미,Love U my friends,2019-10-02,https://youtu.be/gIBdVbN5QKs,,こえつなごうよ
テレテレパシー,Teletelepathy,텔레텔레파시,天王寺璃奈,Rina Tennoji,텐노지 리나,NOVECHIKA;クボナオキ,NOVECHIKA;Naoki Kubo,NOVECHIKA;쿠보 나오키,クボナオキ,Naoki Kubo,쿠보 나오키,縄田寿志,Hisashi Nawata,나와타 히사시,Love U my friends,2019-10-02,https://youtu.be/KZ0Wr3UIvMw,,テレテレパシー
Love U my friends,Love U my friends,Love U my friends,虹ヶ咲学園スクールアイドル同好会,Nijigasaki High School Idol Club,니지가사키 학원 스쿨 아이돌 동호회,Kanata Okajima,Kanata Okajima,Kanata Okajima,Keisuke Koyama,Keisuke Koyama,Keisuke Koyama,Keisuke Koyama,Keisuke Koyama,Keisuke Koyama,Love U my friends,2019-10-02,https://youtu.be/fNEuJHgPMtM,9 Members Ver.,ラブ・ユー・マイ・フレンズ
SUPER NOVA,SUPER NOVA,SUPER NOVA,DiverDiva,DiverDiva,DiverDiva,Dummy Dog,Dummy Dog,Dummy Dog,Dummy Dog,Dummy Dog,Dummy Dog,Dummy Dog,Dummy Dog,Dummy Dog,SUPER NOVA,2020-02-12,https://youtu.be/dso45gIdbjA,DiverDiva 1st,スーパーノヴァ
Love Triangle,Love Triangle,Love Triangle,DiverDiva,DiverDiva,DiverDiva,Ayaka Miyake;栗原暁(Jazzin'park),Ayaka Miyake;Satoru Kurihara(Jazzin'park),Ayaka Miyake;쿠리하라 사토루(Jazzin'park),久保田真悟(Jazzin'park);栗原暁(Jazzin'park),Singo Kubota(Jazzin'park);Satoru Kurihara(Jazzin'park),쿠보타 신고(Jazzin'park);쿠리하라 사토루(Jazzin'park),久保田真悟(Jazzin'park),Singo Kubota(Jazzin'park),쿠보타 신고(Jazzin'park),SUPER NOVA,2020-02-12,https://youtu.be/WBETX2ONF8w,DiverDiva 1st,ラブ トライアングル
Dream Land ! Dream World ! ,Dream Land! Dream World!,Dream Land! Dream World!,A·ZU·NA,A·ZU·NA,A·ZU·NA,hot tears,hot tears,hot tears,景山将太,Shota Kageyama,카게야마 쇼타,MEGAneCOMIC,MEGAneCOMIC,MEGAneCOMIC,Dream Land ! Dream World ! ,2020-02-12,https://youtu.be/TRzHibBAFJs,A·ZU·NA 1st,ドリームランド！ドリームワールド！
Cheer for you!!,Cheer for you!!,Cheer for you!!,A·ZU·NA,A·ZU·NA,A·ZU·NA,Ayaka Miyake,Ayaka Miyake,Ayaka Miyake,hot tears;Sheeta.C,hot tears;Sheeta.C,hot tears;Sheeta.C,hot tears;Sheeta.C,hot tears;Sheeta.C,hot tears;Sheeta.C,Dream Land ! Dream World ! ,2020-02-12,https://youtu.be/8EoUknt_Ji4,A·ZU·NA 1st,チア・フォー・ユー！！
Sing & Smile!!,Sing & Smile!!,Sing & Smile!!,QU4RTZ,QU4RTZ,QU4RTZ,Carlos K.,Carlos K.,Carlos K.,丸谷マナブ;Carlos K.,Manabu Marutani;Carlos K.,마루타니 마나부;Carlos K.,Carlos K.,Carlos K.,Carlos K.,Sing & Smile!!,2020-02-12,https://youtu.be/9SEiiwiiha4,QU4RTZ 1st,シング アンド スマイル
Beautiful Moonlight,Beautiful Moonlight,Beautiful Moonlight,QU4RTZ,QU4RTZ,QU4RTZ,Ayaka Miyake,Ayaka Miyake,Ayaka Miyake,ygarshy,ygarshy,ygarshy,PASSiON KiNG,PASSiON KiNG,PASSiON KiNG,Sing & Smile!!,2020-02-12,https://youtu.be/CQdEPi9UJvY,QU4RTZ 1st,ビューティフルムーンライト
無敵級*ビリーバー,Muteki-kyuu*Believer,무적급*빌리버,中須かすみ,Kasumi Nakasu,나카스 카스미,Ayaka Miyake,Ayaka Miyake,Ayaka Miyake,DECO*27,DECO*27,DECO*27,Rockwell,Rockwell,Rockwell,無敵級*ビリーバー,2020-07-29,https://youtu.be/-Li6HT1mv0U,,むてききゅうビリーバー
未来ハーモニー,Mirai Harmony,미래 하모니,虹ヶ咲学園スクールアイドル同好会,Nijigasaki High School Idol Club,니지가사키 학원 스쿨 아이돌 동호회,Kanata Okajima,Kanata Okajima,Kanata Okajima,Akira Sunset;ulala,Akira Sunset;ulala,Akira Sunset;ulala,Akira Sunset;ulala,Akira Sunset;ulala,Akira Sunset;ulala,無敵級*ビリーバー,2020-07-29,https://youtu.be/H2VuAyjWDyU,,みらいハーモニー
Say Good-Bye 涙,Say Good-Bye Namida,Say Good-Bye 눈물,上原歩夢,Ayumu Uehara,우에하라 아유무,Akira Sunset,Akira Sunset,Akira Sunset,Akira Sunset,Akira Sunset,Akira Sunset,遠藤ナオキ,Naoki Endo,엔도 나오키,Just Believe!!!,2020-09-02,https://youtu.be/vkQ3UdLk3hw,,セイ グッバイ なみだ
Margaret,Margaret,Margaret,中須かすみ,Kasumi Nakasu,나카스 카스미,鈴木エレカ,Ereca Suzuki,스즈키 에레카,Carlos K.,Carlos K.,Carlos K.,Carlos K.,Carlos K.,Carlos K.,Just Believe!!!,2020-09-02,https://youtu.be/wejUZYmLkqc,,マーガレット
やがてひとつの物語,Yagate Hitotsu no Monogatari,이윽고 하나의 이야기,桜坂しずく,Shizuku Osaka,오사카 시즈쿠,月見草,Tsukimisou,츠키미소오,月見草,Tsukimisou,츠키미소오,菊地博人,Hiroto Kikuchi,키쿠치 히로토,Just Believe!!!,2020-09-02,https://youtu.be/JvURKZQdCDs,,やがてひとつのものがたり
Fire Bird,Fire Bird,Fire Bird,朝香果林,Karin Asaka,아사카 카린,BEATNINE,BEATNINE,BEATNINE,Carlos K.,Carlos K.,Carlos K.,Carlos K.,Carlos K.,Carlos K.,Just Believe!!!,2020-09-02,https://youtu.be/8bjQg-RUiRc,,ファイアバード
楽しいの天才,Tanoshii no Tensai,즐거움의 천재,宮下 愛,Ai Miyashita,미야시타 아이,Akira Sunset,Akira Sunset,Akira Sunset,Akira Sunset;Carlos K.,Akira Sunset;Carlos K.,Akira Sunset;Carlos K.,Carlos K.,Carlos K.,Carlos K.,Just Believe!!!,2020-09-02,https://youtu.be/ZnyCUODvfKQ,,たのしいのてんさい
Märchen Star,Märchen Star,메르헨 스타,近江彼方,Kanata Konoe,코노에 카나타,Ryota Saito,Ryota Saito,Ryota Saito,Ryota Saito;Diz,Ryota Saito;Diz,Ryota Saito;Diz,Ryota Saito;Diz,Ryota Saito;Diz,Ryota Saito;Diz,Just Believe!!!,2020-09-02,https://youtu.be/4PhvNBMo9iY,,メルヘンスター
LIKE IT! LOVE IT!,LIKE IT! LOVE IT!,LIKE IT! LOVE IT!,優木せつ菜,Setsuna Yuki,유키 세츠나,鈴木エレカ,Ereca Suzuki,스즈키 에레카,鈴木まなか;Hiroki Sagawa;要田健,Manaka Suzuki;Hiroki Sagawa;Takeru Yoda,스즈키 마나카;Hiroki Sagawa;요다 타케루,要田健,Takeru Yoda,요다 타케루,Just Believe!!!,2020-09-02,https://youtu.be/RINkOGcXJKQ,,ライク イット！ ラブ イット！
哀温ノ詩,Aion no Uta,애온의 시,エマ・ヴェルデ,Emma Verde,엠마 베르데,Ryota Saito,Ryota Saito,Ryota Saito,浦島健太;山本 匠,Kenta Urashima;Takumi Yamamoto,우라시마 켄타;야마모토 타쿠미,浦島健太;山本 匠,Kenta Urashima;Takumi Yamamoto,우라시마 켄타;야마모토 타쿠미,Just Believe!!!,2020-09-02,https://youtu.be/cbmJLrkdv3c,,あいおんのうた
アナログハート,Analog Heart,아날로그 하트,天王寺璃奈,Rina Tennoji,텐노지 리나,NOVECHIKA,NOVECHIKA,NOVECHIKA,藤原彩豊;米澤森人,Ayato Fujiwara;Morito Yonezawa,후지와라 아야토;요네자와 모리토,JOE;藤原彩豊,JOE;Ayato Fujiwara,JOE;후지와라 아야토,Just Believe!!!,2020-09-02,https://youtu.be/5LSOw13RGKs,,アナログハート
決意の光,Ketsui no Hikari,결의의 빛,三船栞子,Shioriko Mifune,미후네 시오리코,中村 歩;菊池博人,Ayumu Nakamura;Hiroto Kikuchi,나카무라 아유무;키쿠치 히로토,中村 歩;菊池博人,Ayumu Nakamura;Hiroto Kikuchi,나카무라 아유무;키쿠치 히로토,中村 歩;菊池博人,Ayumu Nakamura;Hiroto Kikuchi,나카무라 아유무;키쿠치 히로토,Just Believe!!!,2020-09-02,https://youtu.be/I8JYMvUpTI4,,けついのひかり
TOKIMEKI Runners (スクスタストーリー17章揷入歌Ver.),TOKIMEKI Runners (SIFAS Chapter 17 Ver.),TOKIMEKI Runners (스쿠스타 스토리 챕터 17 Ver.),虹ヶ咲学園スクールアイドル同好会,Nijigasaki High School Idol Club,니지가사키 학원 스쿨 아이돌 동호회,畑 亜貴,Aki Hata,하타 아키,矢鴇つかさ(Arte Refract),Tsukasa Yatoki(Arte Refract),야토키 츠카사(Arte Refract),矢鴇つかさ(Arte Refract),Tsukasa Yatoki(Arte Refract),야토키 츠카사(Arte Refract),Just Believe!!!,2020-09-02,https://youtu.be/RMJ1TT5Gh1g,10 Members Ver.,ときめきランナーズ (スクスタストーリー17しょう そうにゅうかヴァージョン)
Just Believe!!!,Just Believe!!!,Just Believe!!!,虹ヶ咲学園スクールアイドル同好会,Nijigasaki High School Idol Club,니지가사키 학원 스쿨 아이돌 동호회,Ayaka Miyake,Ayaka Miyake,Ayaka Miyake,ygarshy;PASSiON KiNG,ygarshy;PASSiON KiNG,ygarshy;PASSiON KiNG,ygarshy;PASSiON KiNG,ygarshy;PASSiON KiNG,ygarshy;PASSiON KiNG,Just Believe!!!,2020-09-02,https://youtu.be/eXdOdtfAv6M,,ジャストビリーブ!!
虹色Passions!,Nijiiro Passions!,무지개색 Passions!,虹ヶ咲学園スクールアイドル同好会,Nijigasaki High School Idol Club,니지가사키 학원 스쿨 아이돌 동호회,Ayaka Miyake,Ayaka Miyake,Ayaka Miyake,Keisuke Koyama,Keisuke Koyama,Keisuke Koyama,Keisuke Koyama,Keisuke Koyama,Keisuke Koyama,虹色Passions!,2020-10-21,https://youtu.be/KAEEhyfWtrw,,にじいろパッションズ!!
Sweet Eyes,Sweet Eyes,Sweet Eyes,虹ヶ咲学園スクールアイドル同好会,Nijigasaki High School Idol Club,니지가사키 학원 스쿨 아이돌 동호회,Ayaka Miyake,Ayaka Miyake,Ayaka Miyake,Carlos K.;田中マッシュ,Carlos K.;Tanaka Mush,Carlos K.;타나카 맛슈,Carlos K.;田中マッシュ,Carlos K.;Tanaka Mush,Carlos K.;타나카 맛슈,虹色Passions!,2020-10-21,https://youtu.be/MpAUJ36fq3g,,スウィートアイズ
"NEO SKY, NEO MAP!","NEO SKY, NEO MAP!","NEO SKY, NEO MAP!",虹ヶ咲学園スクールアイドル同好会,Nijigasaki High School Idol Club,니지가사키 학원 스쿨 아이돌 동호회,畑 亜貴,Aki Hata,하타 아키,小高光太郎;UiNA,Kotaro Odaka;UiNA,오다카 코타로;UiNA,小高光太郎;谷 ナオキ,Kotaro Odaka;Naoki Tani,오다카 코타로;타니 나오키,"NEO SKY, NEO MAP!",2020-11-04,https://youtu.be/m1ilXQbtizc,,ネオスカイ ネオマップ!
全速ドリーマー,Zensoku Dreamer,전속 드리머,虹ヶ咲学園スクールアイドル同好会,Nijigasaki High School Idol Club,니지가사키 학원 스쿨 아이돌 동호회,Ayaka Miyake,Ayaka Miyake,Ayaka Miyake,DAICHI;Shunsuke Harada,DAICHI;Shunsuke Harada,DAICHI;Shunsuke Harada,Shunsuke Harada,Shunsuke Harada,Shunsuke Harada,"NEO SKY, NEO MAP!",2020-11-04,https://youtu.be/lGnNjhTRQVw,,ぜんそくドリーマー
Dream with You,Dream with You,Dream with You,上原歩夢,Ayumu Uehara,우에하라 아유무,Ayaka Miyake,Ayaka Miyake,Ayaka Miyake,mitsuyuki miyake;Carlos K.,mitsuyuki miyake;Carlos K.,mitsuyuki miyake;Carlos K.,mitsuyuki miyake;Carlos K.,mitsuyuki miyake;Carlos K.,mitsuyuki miyake;Carlos K.,Dream with You / Poppin' Up! / DIVE!,2020-11-18,https://youtu.be/0cGBTbjvwuo,,ドリーム ウィズ ユー
Poppin' Up!,Poppin' Up!,Poppin' Up!,中須かすみ,Kasumi Nakasu,나카스 카스미,Ayaka Miyake,Ayaka Miyake,Ayaka Miyake,クボナオキ,Naoki Kubo,쿠보 나오키,縄田寿志,Hisashi Nawata,나와타 히사시,Dream with You / Poppin' Up! / DIVE!,2020-11-18,https://youtu.be/vGtXstAHlXU,,ポッピンアップ！
DIVE!,DIVE!,DIVE!,優木せつ菜,Setsuna Yuki,유키 세츠나,Ayaka Miyake,Ayaka Miyake,Ayaka Miyake,MOMIKEN,MOMIKEN,MOMIKEN,tasuku,tasuku,tasuku,Dream with You / Poppin' Up! / DIVE!,2020-11-18,https://youtu.be/krzru9NkedE,,ダイブ！
サイコーハート,Saikou Heart,사이코 하트,宮下 愛,Ai Miyashita,미야시타 아이,Ayaka Miyake,Ayaka Miyake,Ayaka Miyake,PASSiON KiNG,PASSiON KiNG,PASSiON KiNG,PASSiON KiNG,PASSiON KiNG,PASSiON KiNG,サイコーハート / La Bella Patria / ツナガルコネクト,2020-12-02,https://youtu.be/rFol2afue0Q,,サイコーハート
La Bella Patria,La Bella Patria,La Bella Patria,エマ・ヴェルデ,Emma Verde,엠마 베르데,Ayaka Miyake,Ayaka Miyake,Ayaka Miyake,齊藤庸介,Yosuke Saito,사이토 요스케,齊藤庸介,Yosuke Saito,사이토 요스케,サイコーハート / La Bella Patria / ツナガルコネクト,2020-12-02,https://youtu.be/i-NzrXpwJoA,,ラ・ベラ・パトリア
ツナガルコネクト,Tsunagaru Connect,이어지는 커넥트,天王寺璃奈,Rina Tennoji,텐노지 리나,Ayaka Miyake,Ayaka Miyake,Ayaka Miyake,DECO*27,DECO*27,DECO*27,ポリスピカデリー,POLICE PICCADILLY,폴리스 피카딜리,サイコーハート / La Bella Patria / ツナガルコネクト,2020-12-02,https://youtu.be/Kzr_xuqqh-M,,ツナガルコネクト
Butterfly,Butterfly,Butterfly,近江彼方,Kanata Konoe,코노에 카나타,Ayaka Miyake,Ayaka Miyake,Ayaka Miyake,Em.me,Em.me,Em.me,Em.me,Em.me,Em.me,Butterfly / Solitude Rain / VIVID WORLD,2020-12-16,https://youtu.be/aoRBp5C_ZyI,,バタフライ
Solitude Rain,Solitude Rain,Solitude Rain,桜坂しずく,Shizuku Osaka,오사카 시즈쿠,Ayaka Miyake,Ayaka Miyake,Ayaka Miyake,鈴木エレカ;JOE,Ereca Suzuki;JOE,스즈키 에레카;JOE,JOE,JOE,JOE,Butterfly / Solitude Rain / VIVID WORLD,2020-12-16,https://youtu.be/8yyMnAK2Ki4,,ソリチュードレイン
VIVID WORLD,VIVID WORLD,VIVID WORLD,朝香果林,Karin Asaka,아사카 카린,Ayaka Miyake,Ayaka Miyake,Ayaka Miyake,Luis Ogata,Luis Ogata,Luis Ogata,TeddyLoid,TeddyLoid,TeddyLoid,Butterfly / Solitude Rain / VIVID WORLD,2020-12-16,https://youtu.be/FFyWNOU82Vw,,ビビッドワールド
POWER SPOT!!,POWER SPOT!!,POWER SPOT!!,DiverDiva,DiverDiva,DiverDiva,鈴木エレカ,Ereca Suzuki,스즈키 에레카,Carlos K.,Carlos K.,Carlos K.,Carlos K.,Carlos K.,Carlos K.,TVA1 BD Vol.1,2020-12-24,https://youtu.be/_0XMKlwsnn0,TVA1 BD Vol.1,パワースポット!!
Awakening Promise,Awakening Promise,Awakening Promise,上原歩夢,Ayumu Uehara,우에하라 아유무,Ayaka Miyake,Ayaka Miyake,Ayaka Miyake,Keisuke Koyama,Keisuke Koyama,Keisuke Koyama,Keisuke Koyama,Keisuke Koyama,Keisuke Koyama,Awakening Promise / 夢がここからはじまるよ,2021-01-13,https://youtu.be/YSYg3LKAMgA,,アウェイクニング・プロミス
夢がここからはじまるよ,Yume ga Koko Kara Hajimaru yo,꿈이 이곳에서부터 이어져,虹ヶ咲学園スクールアイドル同好会,Nijigasaki High School Idol Club,니지가사키 학원 스쿨 아이돌 동호회,Ayaka Miyake,Ayaka Miyake,Ayaka Miyake,中村 歩;野口大志,Ayumu Nakamura;Taishi Noguchi,나카무라 아유무;노구치 타이시,中村 歩;野口大志,Ayumu Nakamura;Taishi Noguchi,나카무라 아유무;노구치 타이시,Awakening Promise / 夢がここからはじまるよ,2021-01-13,https://youtu.be/02tMRFTzMlw,,ゆめがここからはじまるよ
Kakushiaji!,Kakushiaji!,Kakushiaji!,A·ZU·NA,A·ZU·NA,A·ZU·NA,nana hatori,nana hatori,nana hatori,PASSiON KiNG;サイトウリョースケ;nana hatori,PASSiON KiNG;Ryosuke Saito;nana hatori,PASSiON KiNG;사이토 료스케;nana hatori,サイトウリョースケ,Ryosuke Saito,사이토 료스케,TVA1 BD Vol.2,2021-01-27,https://youtu.be/tn5iqBFBJRw,TVA1 BD Vol.2,かくしあじ!
Make-up session ABC,Make-up session ABC,Make-up session ABC,QU4RTZ,QU4RTZ,QU4RTZ,要田健,Takeru Yoda,요다 타케루,須田悦弘;要田健,Yoshihiro Suda;Takeru Yoda,스다 요시히로;요다 타케루,須田悦弘,Yoshihiro Suda,스다 요시히로,TVA1 BD Vol.3,2021-02-25,https://youtu.be/zqVgZ7obL5U,TVA1 BD Vol.3,メイクアップセッション エービーシー
祭花 -saika-,Saika,제화 -saika-,DiverDiva,DiverDiva,DiverDiva,Dummy Dog,Dummy Dog,Dummy Dog,Dummy Dog,Dummy Dog,Dummy Dog,Dummy Dog,Dummy Dog,Dummy Dog,TVA1 BD Vol.4,2021-03-26,https://youtu.be/nxmL6vt0m10,TVA1 BD Vol.4,さいか
Happy Nyan! Days,Happy Nyan! Days,Happy Nyan! Days,A·ZU·NA,A·ZU·NA,A·ZU·NA,nana hatori,nana hatori,nana hatori,PASSiON KiNG;Rico,PASSiON KiNG;Rico,PASSiON KiNG;Rico,PASSiON KiNG;JOE,PASSiON KiNG;JOE,PASSiON KiNG;JOE,TVA1 BD Vol.5,2021-04-27,https://youtu.be/OicyCCqlJkU,TVA1 BD Vol.5,ハッピーニャン！デイズ
Twinkle Town,Twinkle Town,Twinkle Town,QU4RTZ,QU4RTZ,QU4RTZ,Rico,Rico,Rico,Rico;田中マッシュ,Rico;Tanaka Mush,Rico;타나카 맛슈,田中マッシュ,Tanaka Mush,타나카 맛슈,TVA1 BD Vol.6,2021-05-26,https://youtu.be/O_KyCCsHzK8,TVA1 BD Vol.6,ツインクルタウン
THE SECRET NiGHT,THE SECRET NiGHT,THE SECRET NiGHT,DiverDiva,DiverDiva,DiverDiva,Dummy Dog,Dummy Dog,Dummy Dog,Dummy Dog,Dummy Dog,Dummy Dog,Dummy Dog,Dummy Dog,Dummy Dog,THE SECRET NiGHT,2021-05-26,https://youtu.be/v5ZslcBjbq8,DiverDiva 2nd,ザ・シークレット・ナイト
Fly into the sky,Fly into the sky,Fly into the sky,DiverDiva,DiverDiva,DiverDiva,miyakei,miyakei,miyakei,Em.me,Em.me,Em.me,Em.me,Em.me,Em.me,THE SECRET NiGHT,2021-05-26,https://youtu.be/gWSAmlTD4wo,DiverDiva 2nd,フライ・イントゥ・ザ・スカイ
Maze Town,Maze Town,Maze Town,A·ZU·NA,A·ZU·NA,A·ZU·NA,米澤森人;藤原彩豊,Morito Yonezawa;Ayato Fujiwara,요네자와 모리토;후지와라 아야토,米澤森人;藤原彩豊;サイトウリョースケ;PASSiON KiNG,Morito Yonezawa;Ayato Fujiwara;Ryosuke Saito;PASSiON KiNG,요네자와 모리토;후지와라 아야토;사이토 료스케;PASSiON KiNG,藤原彩豊;サイトウリョースケ;PASSiON KiNG,Ayato Fujiwara;Ryosuke Saito;PASSiON KiNG,후지와라 아야토;사이토 료스케;PASSiON KiNG,Maze Town,2021-06-16,https://youtu.be/FE2ykAqHdEc,A·ZU·NA 2nd,メイズタウン
フォルクロア 〜歓喜の歌〜,Folklore ~Kanki no Uta~,포크로어 ~환희의 노래~,A·ZU·NA,A·ZU·NA,A·ZU·NA,村木海季男,Mikio Muraki,무라키 미키오,ソラノアルト,Soranoalto,소라노알토,ソラノアルト,Soranoalto,소라노알토,Maze Town,2021-06-16,https://youtu.be/N9_pIJEqL_4,A·ZU·NA 2nd,フォルクロア かんきのうた
Hurray Hurray,Hurray Hurray,Hurray Hurray,虹ヶ咲学園スクールアイドル同好会,Nijigasaki High School Idol Club,니지가사키 학원 스쿨 아이돌 동호회,Ryota Saito;高咲 侑,Ryota Saito;Yu Takasaki,Ryota Saito;타카사키 유우,Ryota Saito;Diz;高咲 侑,Ryota Saito;Diz;Yu Takasaki,Ryota Saito;Diz;타카사키 유우,Diz,Diz,Diz,TVA1 BD Vol.7,2021-06-25,https://youtu.be/586NzUXCi3A,9 Members Ver.,フレーフレー
Swinging！,Swinging!,Swinging!,QU4RTZ,QU4RTZ,QU4RTZ,miyakei;DAICHI,miyakei;DAICHI,miyakei;DAICHI,Keisuke Koyama;DAICHI,Keisuke Koyama;DAICHI,Keisuke Koyama;DAICHI,Keisuke Koyama,Keisuke Koyama,Keisuke Koyama,Swinging！,2021-07-14,https://youtu.be/ec1QM7aUWEE,QU4RTZ 2nd,スウィンギング！
Not Sad,Not Sad,Not Sad,QU4RTZ,QU4RTZ,QU4RTZ,柿沼雅美,Masami Kakinuma,카키누마 마사미,須田悦弘;要田健,Yoshihiro Suda;Takeru Yoda,스다 요시히로;요다 타케루,要田健,Takeru Yoda,요다 타케루,Swinging！,2021-07-14,https://youtu.be/TXG5xBcHlno,QU4RTZ 2nd,ノット・サッド
MONSTER GIRLS,MONSTER GIRLS,MONSTER GIRLS,R3BIRTH,R3BIRTH,R3BIRTH,Dummy Dog,Dummy Dog,Dummy Dog,Dummy Dog,Dummy Dog,Dummy Dog,Dummy Dog,Dummy Dog,Dummy Dog,MONSTER GIRLS,2021-10-06,https://youtu.be/5wq4-y8V6_Y,R3BIRTH 1st,モンスターガールズ
翠いカナリア,Aoi Canaria,비취색 카나리아,三船栞子,Shioriko Mifune,미후네 시오리코,中村 歩;鈴木エレカ;JOE,Ayumu Nakamura;Ereca Suzuki;JOE,나카무라 아유무;스즈키 에레카;JOE,今川トモミチ;鈴木エレカ;JOE,Tomomichi Imagawa;Ereca Suzuki;JOE,이마가와 토모미치;스즈키 에레카;JOE,今川トモミチ;鈴木エレカ;JOE,Tomomichi Imagawa;Ereca Suzuki;JOE,이마가와 토모미치;스즈키 에레카;JOE,MONSTER GIRLS,2021-10-06,https://youtu.be/FWfjdgdLcco,R3BIRTH 1st,あおいカナリア
I’m still...,I’m still...,I’m still...,ミア・テイラー,Mia Taylor,미아 테일러,nana hatori,nana hatori,nana hatori,ソラノアルト,Soranoalto,소라노알토,ソラノアルト,Soranoalto,소라노알토,MONSTER GIRLS,2021-10-06,https://youtu.be/1ToW01yQ2bs,R3BIRTH 1st,アイム・スティル...
Queendom,Queendom,Queendom,鐘 嵐珠,Lanzhu Zhong,쇼우 란쥬,BEATNINE,BEATNINE,BEATNINE,BEATNINE,BEATNINE,BEATNINE,BEATNINE,BEATNINE,BEATNINE,MONSTER GIRLS,2021-10-06,https://youtu.be/1_3Ypl6_e9A,R3BIRTH 1st,クイーンダム
L！ L！ L！ (Love the Life We Live),L! L! L! (Love the Life We Live),L! L! L! (Love the Life We Live),虹ヶ咲学園スクールアイドル同好会,Nijigasaki High School Idol Club,니지가사키 학원 스쿨 아이돌 동호회,Ayaka Miyake,Ayaka Miyake,Ayaka Miyake,Keisuke Koyama,Keisuke Koyama,Keisuke Koyama,Keisuke Koyama,Keisuke Koyama,Keisuke Koyama,L！ L！ L！ (Love the Life We Live),2021-10-13,https://youtu.be/wc3cfiS0VaQ,,エル!エル!エル! ラブ・ザ・ライフ・ウィー・リブ
Break The System,Break The System,Break The System,上原歩夢,Ayumu Uehara,우에하라 아유무,nana hitori;shun ÷ 1,nana hitori;shun ÷ 1,nana hitori;shun ÷ 1,nana hitori;shun ÷ 1,nana hitori;shun ÷ 1,nana hitori;shun ÷ 1,shun ÷ 1,shun ÷ 1,shun ÷ 1,L！ L！ L！ (Love the Life We Live),2021-10-13,https://youtu.be/PFibzMXHjqA,,ブレイク・ザ・システム
TO BE YOURSELF,TO BE YOURSELF,TO BE YOURSELF,中須かすみ,Kasumi Nakasu,나카스 카스미,Ryota Saito,Ryota Saito,Ryota Saito,Ryota Saito;Diz,Ryota Saito;Diz,Ryota Saito;Diz,Diz,Diz,Diz,L！ L！ L！ (Love the Life We Live),2021-10-13,https://youtu.be/ZSLH00pSniQ,,トゥー ビー ユアセルフ
エイエ戦サー,Eieisa,에이에 전사,桜坂しずく,Shizuku Osaka,오사카 시즈쿠,鈴木まなか,Manaka Suzuki,스즈키 마나카,鈴木まなか;宮澤樹生,Manaka Suzuki;Tatsuki Miyazawa,스즈키 마나카;미야자와 타츠키,遠藤ナオキ,Naoki Endo,엔도 나오키,L！ L！ L！ (Love the Life We Live),2021-10-13,https://youtu.be/L7OXv_BXN5Y,,エイエイサー
Turn it up!,Turn it up!,Turn it up!,朝香果林,Karin Asaka,아사카 카린,Akira Sunset,Akira Sunset,Akira Sunset,Akira Sunset;遠藤ナオキ,Akira Sunset;Naoki Endo,Akira Sunset;엔도 나오키,遠藤ナオキ,Naoki Endo,엔도 나오키,L！ L！ L！ (Love the Life We Live),2021-10-13,https://youtu.be/KDnrlBN9DNM,,ターン・イット・アップ！
Diabolic mulier,Diabolic mulier,Diabolic mulier,宮下 愛,Ai Miyashita,미야시타 아이,T4K,T4K,T4K,T4K;Luis Ogata,T4K;Luis Ogata,T4K;Luis Ogata,サイトウ リョースケ,Ryosuke Saito,사이토 료스케,L！ L！ L！ (Love the Life We Live),2021-10-13,https://youtu.be/Ji1bBREZ1jg,,ディアボリック・ムリエ
Silent Blaze,Silent Blaze,Silent Blaze,近江彼方,Kanata Konoe,코노에 카나타,鈴木エレカ,Ereca Suzuki,스즈키 에레카,鈴木エレカ;田中マッシュ,Ereca Suzuki;Tanaka Mush,스즈키 에레카;타나카 맛슈,田中マッシュ,Tanaka Mush,타나카 맛슈,L！ L！ L！ (Love the Life We Live),2021-10-13,https://youtu.be/0e38ymSmWks,,サイレントブレイズ
ヤダ！,Yada!,싫어!,優木せつ菜,Setsuna Yuki,유키 세츠나,Akira Sunset,Akira Sunset,Akira Sunset,Akira Sunset;菊地博人,Akira Sunset;Hiroto Kikuchi,Akira Sunset;키쿠치 히로토,菊地博人,Hiroto Kikuchi,키쿠치 히로토,L！ L！ L！ (Love the Life We Live),2021-10-13,https://youtu.be/1lPESUmrbZY,,ヤダ！
いつだってfor you!,Itsu datte for you!,항상 for you!,エマ・ヴェルデ,Emma Verde,엠마 베르데,鈴木エレカ;Carlos K.,Ereca Suzuki;Carlos K.,스즈키 에레카;Carlos K.,米澤森人;藤原彩豊,Morito Yonezawa;Ayato Fujiwara,요네자와 모리토;후지와라 아야토,藤原彩豊,Ayato Fujiwara,후지와라 아야토,L！ L！ L！ (Love the Life We Live),2021-10-13,https://youtu.be/XrUcDvCJq-0,,いつだってフォーユー！
First Love Again,First Love Again,First Love Again,天王寺璃奈,Rina Tennoji,텐노지 리나,月見草,Tsukimisou,츠키미소오,月見草;吉村隆行,Tsukimisou;Takayuki Yoshimura,츠키미소오;요시무라 타카유키,吉村隆行,Takayuki Yoshimura,요시무라 타카유키,L！ L！ L！ (Love the Life We Live),2021-10-13,https://youtu.be/GZCIdi1DI5k,,ファースト・ラブ・アゲイン
コンセントレイト！,Concentrate!,컨센트레이트!,三船栞子,Shioriko Mifune,미후네 시오리코,村木海季男,Mikio Muraki,무라키 미키오,ソラノアルト,Soranoalto,소라노알토,ソラノアルト,Soranoalto,소라노알토,L！ L！ L！ (Love the Life We Live),2021-10-13,https://youtu.be/HQaGC6SUK04,,コンセントレイト！
Toy Doll,Toy Doll,Toy Doll,ミア・テイラー,Mia Taylor,미아 테일러,nana hatori,nana hatori,nana hatori,宮田'レフティ'リョウ;Carlos K.,Miyata 'Lefty' Ryo;Carlos K.,미야타 '레프티' 료;Carlos K.,Konnie Aoki,Konnie Aoki,Konnie Aoki,L！ L！ L！ (Love the Life We Live),2021-10-13,https://youtu.be/7IlcjWYUUkE,,トイ・ドール
夜明珠,Ye Mingzhu,야명주,鐘 嵐珠,Lanzhu Zhong,쇼우 란쥬,BEATNINE,BEATNINE,BEATNINE,BEATNINE,BEATNINE,BEATNINE,BEATNINE,BEATNINE,BEATNINE,L！ L！ L！ (Love the Life We Live),2021-10-13,https://youtu.be/SRvmtD4RpLk,,イエミンジュ
LIVE with a smile!,LIVE with a smile!,LIVE with a smile!,Aqours・虹ヶ咲学園スクールアイドル同好会・Liella!,Aqours・Nijigasaki High School Idol Club・Liella!,Aqours・니지가사키 학원 스쿨 아이돌 동호회・Liella!,畑 亜貴,Aki Hata,하타 아키,Ryota Saito;Diz,Ryota Saito;Diz,사이토 료타;Diz,EFFY(FirstCall),EFFY(FirstCall),EFFY(FirstCall),LIVE with a smile!,2021-11-03,https://youtu.be/n-4U4iM4CL8,LoveLive! Series Presents COUNTDOWN LoveLive! 2021 -> 2022 ~LIVE with a smile!~ Theme Song,ライブ・ウィズ・ア・スマイル!
LIVE with a smile! (虹ヶ咲学園スクールアイドル同好会 Ver.),LIVE with a smile! (Nijigasaki High School Idol Club Ver.),LIVE with a smile! (니지가사키 학원 스쿨 아이돌 동호회 Ver.),虹ヶ咲学園スクールアイドル同好会,Nijigasaki High School Idol Club,니지가사키 학원 스쿨 아이돌 동호회,畑 亜貴,Aki Hata,하타 아키,Ryota Saito;Diz,Ryota Saito;Diz,사이토 료타;Diz,EFFY(FirstCall),EFFY(FirstCall),EFFY(FirstCall),LIVE with a smile!,2021-11-03,https://youtu.be/Ks4u5CTpwWI,LoveLive! Series Presents COUNTDOWN LoveLive! 2021 -> 2022 ~LIVE with a smile!~ Theme Song,ライブ・ウィズ・ア・スマイル! (ニジヶサキガクエンスクールアイドルドウコウカイ ヴァージョン)
ミラクル STAY TUNE!,Miracle STAY TUNE!,미라클 STAY TUNE!,虹ヶ咲学園スクールアイドル同好会,Nijigasaki High School Idol Club,니지가사키 학원 스쿨 아이돌 동호회,NOVECHIKA,NOVECHIKA,NOVECHIKA,NOVECHIKA;吉村隆行,NOVECHIKA;Takayuki Yoshimura,NOVECHIKA;요시무라 타카유키,遠藤ナオキ,Naoki Endo,엔도 나오키,not ALONE not HITORI / ミラクル STAY TUNE！ / Shooting Voice!!,2021-11-24,https://youtu.be/d0JNEbyByrc,「ラブライブ！シリーズのオールナイトニッポンGOLD」 タイアップ企画スプリットシングル,ミラクル ステイ チューン
Colorful Dreams! Colorful Smiles!,Colorful Dreams! Colorful Smiles!,Colorful Dreams! Colorful Smiles!,虹ヶ咲学園スクールアイドル同好会,Nijigasaki High School Idol Club,니지가사키 학원 스쿨 아이돌 동호회,Ayaka Miyake,Ayaka Miyake,Ayaka Miyake,要田健;Carlos K.,Takeru Yoda;Carlos K.,요다 타케루;Carlos K.,要田健;tasuku,Takeru Yoda;tasuku,요다 타케루;tasuku,Colorful Dreams! Colorful Smiles!,2022-04-20,https://youtu.be/CDPOUZWfwsA,,カラフル・ドリームス！カラフル・スマイルズ！
トワイライト,Twilight,트와일라잇,虹ヶ咲学園スクールアイドル同好会,Nijigasaki High School Idol Club,니지가사키 학원 스쿨 아이돌 동호회,鈴木エレカ,Ereca Suzuki,스즈키 에레카,鈴木エレカ;JOE,Ereca Suzuki;JOE,스즈키 에레카;JOE,JOE,JOE,JOE,Colorful Dreams! Colorful Smiles!,2022-04-20,https://youtu.be/pFUF8qJh5nk,,トワイライト
夢が僕らの太陽さ,Yume ga Bokura no Taiyo sa,꿈이 우리의 태양이야,虹ヶ咲学園スクールアイドル同好会,Nijigasaki High School Idol Club,니지가사키 학원 스쿨 아이돌 동호회,畑 亜貴,Aki Hata,하타 아키,新田目 駿 (HANO),Shun Aratame (HANO),아라타메 슌 (HANO),新田目 駿 (HANO),Shun Aratame (HANO),아라타메 슌 (HANO),夢が僕らの太陽さ,2022-04-27,https://youtu.be/5luoQvsVVHE,,ゆめがぼくらのたいようさ
繚乱！ビクトリーロード,Ryoran! Victory Road,요란! 빅토리 로드,虹ヶ咲学園スクールアイドル同好会,Nijigasaki High School Idol Club,니지가사키 학원 스쿨 아이돌 동호회,チバニャン,ChibaNyan,치바냥,チバニャン,ChibaNyan,치바냥,チバニャン,ChibaNyan,치바냥,夢が僕らの太陽さ,2022-04-27,https://youtu.be/Wi43b0ESIgA,,りょうらん！ビクトリーロード
ENJOY IT！,ENJOY IT!,ENJOY IT!,QU4RTZ,QU4RTZ,QU4RTZ,鈴木エレカ,Ereca Suzuki,스즈키 에레카,宮田'レフティ'リョウ;Carlos K.,Miyata 'Lefty' Ryo;Carlos K.,미야타 '레프티' 료;Carlos K.,宮田'レフティ'リョウ,Miyata 'Lefty' Ryo,미야타 '레프티' 료,ENJOY IT！,2022-05-11,https://youtu.be/dN68OiCCKcY,,エンジョイ イット！
4 SEASONS,4 SEASONS,4 SEASONS,QU4RTZ,QU4RTZ,QU4RTZ,ぱはむたん;Luis Ogata,Pahamutan;Luis Ogata,파하무탄;Luis Ogata,Luis Ogata,Luis Ogata,Luis Ogata,Luis Ogata,Luis Ogata,Luis Ogata,ENJOY IT！,2022-05-11,https://youtu.be/wuAj8GI7-DQ,,フォーシーズンズ
Eternal Light,Eternal Light,Eternal Light,DiverDiva,DiverDiva,DiverDiva,Dummy Dog,Dummy Dog,Dummy Dog,Dummy Dog,Dummy Dog,Dummy Dog,Dummy Dog,Dummy Dog,Dummy Dog,Eternal Light,2022-05-25,https://youtu.be/5PueoefK2uc,,エターナルライト
恋するMagic!!,Koi suru Magic!!,사랑하는 Magic!!,DiverDiva,DiverDiva,DiverDiva,ぱはむたん;PASSiON KiNG,Pahamutan;PASSiON KiNG,파하무탄;PASSiON KiNG,PASSiON KiNG,PASSiON KiNG,PASSiON KiNG,PASSiON KiNG,PASSiON KiNG,PASSiON KiNG,Eternal Light,2022-05-25,https://youtu.be/qJk4wxMiPLI,,こいするマジック!!
Infinity！Our wings!!,Infinity! Our wings!!,Infinity! Our wings!!,A·ZU·NA,A·ZU·NA,A·ZU·NA,鈴木エレカ,Ereca Suzuki,스즈키 에레카,Keisuke Koyama,Keisuke Koyama,Keisuke Koyama,Keisuke Koyama,Keisuke Koyama,Keisuke Koyama,Infinity！Our wings!!,2022-06-08,https://youtu.be/do527rsbSQE,,インフィニティ!アワー・ウィングス!!
Poker face＆お願い！Fairy,Poker face&Onegai! Fairy,Poker face&부탁해! Fairy,A·ZU·NA,A·ZU·NA,A·ZU·NA,新Q;馬場龍樹,ShinQ;Ryuki Baba,신Q;바바 류키,新Q;馬場龍樹,ShinQ;Ryuki Baba,신Q;바바 류키,馬場龍樹,Ryuki Baba,바바 류키,Infinity！Our wings!!,2022-06-08,https://youtu.be/u1wHM2ejN60,,ポーカーフェイス アンド おねがい！フェアリー
Eutopia,Eutopia,Eutopia,鐘 嵐珠,Lanzhu Zhong,쇼우 란쥬,Ayaka Miyake,Ayaka Miyake,Ayaka Miyake,*Luna;角野寿和,*Luna;Toshikazu Kadono,*Luna;카도노 토시카즈,*Luna;角野寿和,*Luna;Toshikazu Kadono,*Luna;카도노 토시카즈,Eutopia / EMOTION / stars we chase,2022-06-22,https://youtu.be/Hk8lDW8JB5c,,ユートピア
EMOTION,EMOTION,EMOTION,三船栞子,Shioriko Mifune,미후네 시오리코,tofubeats,tofubeats,tofubeats,tofubeats,tofubeats,tofubeats,tofubeats,tofubeats,tofubeats,Eutopia / EMOTION / stars we chase,2022-06-22,https://youtu.be/BctS652B2-g,,エモーション
stars we chase,stars we chase,stars we chase,ミア・テイラー,Mia Taylor,미아 테일러,Konnie Aoki,Konnie Aoki,Konnie Aoki,TeddyLoid,TeddyLoid,TeddyLoid,TeddyLoid,TeddyLoid,TeddyLoid,Eutopia / EMOTION / stars we chase,2022-06-22,https://youtu.be/COwb7jyRxQM,,スターズ・ウィ・チェイス
Fashionista,Fashionista,Fashionista,DiverDiva,DiverDiva,DiverDiva,Dummy Dog,Dummy Dog,Dummy Dog,Dummy Dog,Dummy Dog,Dummy Dog,Dummy Dog,Dummy Dog,Dummy Dog,TVA2 BD Vol.1,2022-06-24,NA,TVA2 BD Vol.1,ファッショニスタ
Future Parade,Future Parade,Future Parade,虹ヶ咲学園スクールアイドル同好会,Nijigasaki High School Idol Club,니지가사키 학원 스쿨 아이돌 동호회,Ayaka Miyake,Ayaka Miyake,Ayaka Miyake,Keisuke Koyama;DAICHI,Keisuke Koyama;DAICHI,Keisuke Koyama;DAICHI,Keisuke Koyama,Keisuke Koyama,Keisuke Koyama,Future Parade,2022-07-27,https://youtu.be/wGdbBpqwOak,,フューチャーパレード
Level Oops! Adventures,Level Oops! Adventures,Level Oops! Adventures,虹ヶ咲学園スクールアイドル同好会,Nijigasaki High School Idol Club,니지가사키 학원 스쿨 아이돌 동호회,T4K,T4K,T4K,T4K,T4K,T4K,T4K,T4K,T4K,Future Parade,2022-07-27,https://youtu.be/7H4wjtOg2P8,,レベル・ウップス!アドベンチャーズ
Fuwa Fuwaアワー！,Fuwa Fuwa Hour!,Fuwa Fuwa 아워!,QU4RTZ,QU4RTZ,QU4RTZ,中村 歩;菊池博人,Ayumu Nakamura;Hiroto Kikuchi,나카무라 아유무;키쿠치 히로토,中村 歩;菊池博人,Ayumu Nakamura;Hiroto Kikuchi,나카무라 아유무;키쿠치 히로토,中村 歩;菊池博人,Ayumu Nakamura;Hiroto Kikuchi,나카무라 아유무;키쿠치 히로토,TVA2 BD Vol.2,2022-07-27,NA,TVA2 BD Vol.2,ふわふわアワー！
ロマンスの中で,Romance no Naka de,로맨스 속에서,A·ZU·NA,A·ZU·NA,A·ZU·NA,ぱはむたん,Pahamutan,파하무탄,ぱはむたん;犬塚タクミ,Pahamutan;Takumi Inuzuka,파하무탄;이누즈카 타쿠미,犬塚タクミ,Takumi Inuzuka,이누즈카 타쿠미,TVA2 BD Vol.3,2022-08-26,NA,TVA2 BD Vol.3,ロマンスのなかで
Look at me now,Look at me now,Look at me now,R3BIRTH,R3BIRTH,R3BIRTH,miyakei;ERECA,miyakei;ERECA,miyakei;ERECA,Add108,Add108,Add108,Add108,Add108,Add108,TVA2 BD Vol.4,2022-09-28,NA,TVA2 BD Vol.4,ルック・アット・ミー・ナウ
Vroom Vroom,Vroom Vroom,Vroom Vroom,R3BIRTH,R3BIRTH,R3BIRTH,ERECA,ERECA,ERECA,Carlos K.,Carlos K.,Carlos K.,Geek Boy Al Swettenham,Geek Boy Al Swettenham,Geek Boy Al Swettenham,Vroom Vroom,2022-09-28,https://youtu.be/xp6qQA9VcXQ,R3BIRTH 2nd,ヴルームヴルーム
バブルオーバー！,Bubble Over!,버블 오버!,R3BIRTH,R3BIRTH,R3BIRTH,ERECA,ERECA,ERECA,ERECA;JOE,ERECA;JOE,ERECA;JOE,JOE,JOE,JOE,Vroom Vroom,2022-09-28,https://youtu.be/BdF0FcC7cNE,R3BIRTH 2nd,バブルオーバー！
Shadow Effect,Shadow Effect,Shadow Effect,DiverDiva,DiverDiva,DiverDiva,Dummy Dog,Dummy Dog,Dummy Dog,Dummy Dog,Dummy Dog,Dummy Dog,Dummy Dog,Dummy Dog,Dummy Dog,Shadow Effect,2022-10-05,https://youtu.be/Y4b0oCtma8A,DiverDiva 3rd,シャドウエフェクト
Kiss the Sun,Kiss the Sun,Kiss the Sun,DiverDiva,DiverDiva,DiverDiva,ERECA,ERECA,ERECA,Em.me,Em.me,Em.me,Em.me,Em.me,Em.me,Shadow Effect,2022-10-05,https://youtu.be/cFI7s3deZqM,DiverDiva 3rd,キス・ザ・サン
永遠の一瞬,Eien no Isshun,영원의 일순,虹ヶ咲学園スクールアイドル同好会,Nijigasaki High School Idol Club,니지가사키 학원 스쿨 아이돌 동호회,Akira Sunset,Akira Sunset,Akira Sunset,馬場龍樹,Ryuki Baba,바바 류키,縄田寿志,Hisashi Nawata,나와타 히사시,永遠の一瞬,2022-10-12,https://youtu.be/6J3005lqbkI,,えいえんのいっしゅん
OUR P13CES!!!,OUR P13CES!!!,OUR P13CES!!!,ニジガク with You,Nijigaku with You,니지가쿠 with You,NOVECHIKA;吉村隆行,NOVECHIKA;Takayuki Yoshimura,NOVECHIKA;요시무라 타카유키,NOVECHIKA;吉村隆行,NOVECHIKA;Takayuki Yoshimura,NOVECHIKA;요시무라 타카유키,NOVECHIKA;吉村隆行,NOVECHIKA;Takayuki Yoshimura,NOVECHIKA;요시무라 타카유키,永遠の一瞬,2022-10-12,https://youtu.be/49FNS2Er3Ck,,アワピーシーズ!!
Hurray Hurray (12人 Ver.),Hurray Hurray (12nin Ver.),Hurray Hurray (12인 Ver.),虹ヶ咲学園スクールアイドル同好会,Nijigasaki High School Idol Club,니지가사키 학원 스쿨 아이돌 동호회,Ryota Saito,Ryota Saito,Ryota Saito,Ryota Saito;Diz,Ryota Saito;Diz,Ryota Saito;Diz,Diz,Diz,Diz,永遠の一瞬,2022-10-12,https://youtu.be/NGVBCOvz7ko,12 Members Ver.,フレーフレー じゅうににんヴァージョン
TOKIMEKI Runners (12人Ver.),TOKIMEKI Runners (12nin Ver.),TOKIMEKI Runners (12인 Ver.),虹ヶ咲学園スクールアイドル同好会,Nijigasaki High School Idol Club,니지가사키 학원 스쿨 아이돌 동호회,畑 亜貴,Aki Hata,하타 아키,矢鴇つかさ(Arte Refract),Tsukasa Yatoki(Arte Refract),야토키 츠카사(Arte Refract),矢鴇つかさ(Arte Refract),Tsukasa Yatoki(Arte Refract),야토키 츠카사(Arte Refract),TVA2 BD Vol.5,2022-10-28,NA,TVA2 BD Vol.5,ときめきランナーズ じゅうににんヴァージョン
Blue!,Blue!,Blue!,A·ZU·NA,A·ZU·NA,A·ZU·NA,米澤森人;藤原彩豊,Morito Yonezawa;Ayato Fujiwara,요네자와 모리토;후지와라 아야토,米澤森人;藤原彩豊,Morito Yonezawa;Ayato Fujiwara,요네자와 모리토;후지와라 아야토,米澤森人;藤原彩豊,Morito Yonezawa;Ayato Fujiwara,요네자와 모리토;후지와라 아야토,Blue!,2022-11-02,https://youtu.be/2EZb_M76AG4,A·ZU·NA 3rd,ブルー！
Dancing in the Light,Dancing in the Light,Dancing in the Light,A·ZU·NA,A·ZU·NA,A·ZU·NA,田中マッシュ,Tanaka Mush,타나카 맛슈,田中マッシュ,Tanaka Mush,타나카 맛슈,田中マッシュ,Tanaka Mush,타나카 맛슈,Blue!,2022-11-02,https://youtu.be/33XfQbfXifI,A·ZU·NA 3rd,ダンシング イン ザ ライト
PASTEL,PASTEL,PASTEL,QU4RTZ,QU4RTZ,QU4RTZ,nine,nine,nine,ygarshy;PASSiON KiNG,ygarshy;PASSiON KiNG,ygarshy;PASSiON KiNG,ygarshy;PASSiON KiNG,ygarshy;PASSiON KiNG,ygarshy;PASSiON KiNG,PASTEL,2022-11-23,https://youtu.be/8r9XC-HCs2M,QU4RTZ 3rd,パステル
ミチノサキ,Michi no Saki,길의 끝,QU4RTZ,QU4RTZ,QU4RTZ,丸谷マナブ;Carlos K.,Manabu Marutani;Carlos K.,마루타니 마나부;Carlos K.,丸谷マナブ;Carlos K.,Manabu Marutani;Carlos K.,마루타니 마나부;Carlos K.,Carlos K.,Carlos K.,Carlos K.,PASTEL,2022-11-23,https://youtu.be/2DujORLTivI,QU4RTZ 3rd,ミチノサキ
Love U my friends (12人Ver.),Love U my friends (12nin Ver.),Love U my friends (12인 Ver.),虹ヶ咲学園スクールアイドル同好会,Nijigasaki High School Idol Club,니지가사키 학원 스쿨 아이돌 동호회,Kanata Okajima,Kanata Okajima,Kanata Okajima,Keisuke Koyama,Keisuke Koyama,Keisuke Koyama,Keisuke Koyama,Keisuke Koyama,Keisuke Koyama,TVA2 BD Vol.6,2022-11-25,NA,TVA2 BD Vol.6,ラブ・ユー・マイ・フレンズ じゅうににんヴァージョン
Just Believe!!! (12人Ver.),Just Believe!!! (12nin Ver.),Just Believe!!! (12인 Ver.),虹ヶ咲学園スクールアイドル同好会,Nijigasaki High School Idol Club,니지가사키 학원 스쿨 아이돌 동호회,Ayaka Miyake,Ayaka Miyake,Ayaka Miyake,ygarshy;PASSiON KiNG,ygarshy;PASSiON KiNG,ygarshy;PASSiON KiNG,ygarshy;PASSiON KiNG,ygarshy;PASSiON KiNG,ygarshy;PASSiON KiNG,TVA2 BD Vol.7,2022-12-23,NA,TVA2 BD Vol.7,ジャストビリーブ!! じゅうににんヴァージョン
わちゅごなどぅー,What You Gonna Do?,What You Gonna Do?,虹ヶ咲学園スクールアイドル同好会,Nijigasaki High School Idol Club,니지가사키 학원 스쿨 아이돌 동호회,NOVECHICA;野口大志,NOVECHICA;Taishi Noguchi,NOVECHICA;노구치 타이시,NOVECHICA;野口大志,NOVECHICA;Taishi Noguchi,NOVECHICA;노구치 타이시,NOVECHICA;野口大志,NOVECHICA;Taishi Noguchi,NOVECHICA;노구치 타이시,わちゅごなどぅー,2023-02-01,https://youtu.be/bNk3cvlE2cE,,わちゅごなどぅー
わちゅごなどぅー (1年生＋侑 Ver.),What You Gonna Do? (1nensei + Yu Ver.),What You Gonna Do? (1학년 + 유우 Ver.),高咲 侑;中須かすみ;桜坂しずく;天王寺璃奈;三船栞子,Yu Takasaki;Kasumi Nakasu;Shizuku Osaka;Rina Tennoji;Shioriko Mifune,타카사키 유우;나카스 카스미;오사카 시즈쿠;텐노지 리나;미후네 시오리코,NOVECHICA;野口大志,NOVECHICA;Taishi Noguchi,NOVECHICA;노구치 타이시,NOVECHICA;野口大志,NOVECHICA;Taishi Noguchi,NOVECHICA;노구치 타이시,NOVECHICA;野口大志,NOVECHICA;Taishi Noguchi,NOVECHICA;노구치 타이시,わちゅごなどぅー,2023-02-01,https://youtu.be/Y6Djx6ats6A,,わちゅごなどぅー (いちねんせい プラス ゆう ヴァージョン)
わちゅごなどぅー (2年生＋侑 Ver.),What You Gonna Do? (2nensei + Yu Ver.),What You Gonna Do? (2학년 + 유우 Ver.),高咲 侑;上原歩夢;宮下 愛;優木せつ菜;鐘 嵐珠,Yu Takasaki;Ayumu Uehara;Ai Miyashita;Setsuna Yuki;Lanzhu Zhong,타카사키 유우;우에하라 아유무;미야시타 아이;유키 세츠나;쇼우 란쥬,NOVECHICA;野口大志,NOVECHICA;Taishi Noguchi,NOVECHICA;노구치 타이시,NOVECHICA;野口大志,NOVECHICA;Taishi Noguchi,NOVECHICA;노구치 타이시,NOVECHICA;野口大志,NOVECHICA;Taishi Noguchi,NOVECHICA;노구치 타이시,わちゅごなどぅー,2023-02-01,https://youtu.be/kxdbkG_zGOc,,わちゅごなどぅー (にねんせい プラス ゆう ヴァージョン)
わちゅごなどぅー (3年生＋侑 Ver.),What You Gonna Do? (3nensei + Yu Ver.),What You Gonna Do? (3학년 + 유우 Ver.),高咲 侑;朝香果林;近江彼方;エマ・ヴェルデ;ミア・テイラー,Yu Takasaki;Karin Asaka;Kanata Konoe;Emma Verde;Mia Taylor,타카사키 유우;아사카 카린;코노에 카나타;엠마 베르데;미아 테일러,NOVECHICA;野口大志,NOVECHICA;Taishi Noguchi,NOVECHICA;노구치 타이시,NOVECHICA;野口大志,NOVECHICA;Taishi Noguchi,NOVECHICA;노구치 타이시,NOVECHICA;野口大志,NOVECHICA;Taishi Noguchi,NOVECHICA;노구치 타이시,わちゅごなどぅー,2023-02-01,https://youtu.be/wO3roJn_-bM,,わちゅごなどぅー (さんねんせい プラス ゆう ヴァージョン)